fencer_id,first_name,last_name,full_name,dob,gender,weapon,club_id,email,phone,bracket
1,John,Mcdonald,John Mcdonald,2016-09-18,M,Sabre,1,dianahill@example.com,(592)853-2972x12485,U11
2,Danny,Williams PhD,Danny Williams PhD,2015-02-03,M,Sabre,1,darryl23@example.com,(466)821-5371x382,U11
3,Michael,Guerrero,Michael Guerrero,2016-06-03,M,Sabre,1,deborah60@example.net,7544561537,U11
4,Marco,Woods,Marco Woods,2015-05-25,M,Sabre,1,joseph32@example.org,779.512.3028,U11
5,Cassandra,Anderson,Cassandra Anderson,2016-11-04,F,Sabre,1,whitestephanie@example.org,+1-897-286-6367x585,U11
6,Lisa,Martinez,Lisa Martinez,2018-07-26,F,Sabre,1,hessjohnny@example.org,+1-634-336-1900,U11
7,Miss,Natalie Miller,Miss Natalie Miller,2017-06-21,F,Sabre,1,respinoza@example.net,+1-678-503-9747,U11
8,Sarah,Gonzales,Sarah Gonzales,2018-11-19,F,Sabre,1,sparkssherry@example.com,(640)334-3156x8361,U11
9,Brandon,Collins,Brandon Collins,2013-10-08,M,Sabre,1,barbaravazquez@example.net,690-379-4326,U13
10,Kevin,Rios,Kevin Rios,2014-04-18,M,Sabre,1,robintucker@example.net,827.430.0632x02862,U13
11,Jerry,Perez,Jerry Perez,2014-05-20,M,Sabre,1,alexandra80@example.net,+1-495-812-3946x85230,U13
12,Richard,Bird,Richard Bird,2014-10-10,M,Sabre,1,browncharles@example.com,+1-898-985-7920x3493,U13
13,Megan,Smith,Megan Smith,2014-02-13,F,Sabre,1,rachel10@example.com,524.974.2576x94004,U13
14,Michelle,Wolfe,Michelle Wolfe,2013-06-11,F,Sabre,1,summersdavid@example.org,486-763-9486x285,U13
15,Susan,Scott,Susan Scott,2014-03-07,F,Sabre,1,hensleyrhonda@example.org,+1-224-860-8739x7707,U13
16,Lisa,Sanchez,Lisa Sanchez,2014-03-03,F,Sabre,1,swansonjean@example.com,470-782-6968x7333,U13
17,Jeffrey,Rodriguez,Jeffrey Rodriguez,2011-06-14,M,Sabre,1,ymason@example.com,990-508-6479x93428,U15
18,Jason,Joyce,Jason Joyce,2012-04-19,M,Sabre,1,morganheather@example.org,(245)634-0292,U15
19,Matthew,Martin,Matthew Martin,2012-04-13,M,Sabre,1,hannahperry@example.org,001-907-315-4182x8233,U15
20,Marissa,Livingston,Marissa Livingston,2011-03-31,F,Sabre,1,rogersmichelle@example.com,001-866-670-4780x1560,U15
21,Brittany,Ward,Brittany Ward,2012-10-18,F,Sabre,1,joseph61@example.net,979.379.8761,U15
22,Denise,Mccall,Denise Mccall,2012-10-15,F,Sabre,1,katherine12@example.com,989-304-5267,U15
23,Brandon,Mitchell,Brandon Mitchell,2010-07-29,M,Sabre,1,dustin06@example.com,6025095328,Cadet
24,Vincent,Ramirez,Vincent Ramirez,2009-10-07,M,Sabre,1,millerdiane@example.org,(619)935-4264,Cadet
25,Matthew,Woods,Matthew Woods,2010-09-18,M,Sabre,1,gkennedy@example.org,001-361-961-1742,Cadet
26,Rachel,Robinson,Rachel Robinson,2009-08-12,F,Sabre,1,cassidy18@example.net,(785)753-7949x8692,Cadet
27,Jacqueline,Goodwin,Jacqueline Goodwin,2010-09-08,F,Sabre,1,chaselynch@example.org,8158054386,Cadet
28,Theresa,Weaver,Theresa Weaver,2009-03-01,F,Sabre,1,xmartin@example.org,812-846-2491,Cadet
29,Brian,Tucker,Brian Tucker,2006-09-19,M,Sabre,1,heidi76@example.org,(582)276-1120x075,Junior
30,David,Walton,David Walton,2008-10-08,M,Sabre,1,denise54@example.org,(519)795-6038x44303,Junior
31,Thomas,Taylor,Thomas Taylor,2006-11-26,M,Sabre,1,lori86@example.org,(302)982-5380x487,Junior
32,Dr.,Amy Walters,Dr. Amy Walters,2008-02-15,F,Sabre,1,pgarrison@example.org,362-423-8675x03273,Junior
33,Tiffany,Stafford,Tiffany Stafford,2008-04-06,F,Sabre,1,hornemark@example.net,298.308.1463,Junior
34,Alicia,Gutierrez,Alicia Gutierrez,2006-01-10,F,Sabre,1,james92@example.net,315.626.5190x31478,Junior
35,Michael,Smith,Michael Smith,1982-09-17,M,Sabre,1,paulazimmerman@example.org,+1-420-507-6116x937,Senior
36,Christian,Avila,Christian Avila,1988-11-25,M,Sabre,1,jay30@example.org,001-785-566-7310x166,Senior
37,Kenneth,Turner,Kenneth Turner,1960-02-15,M,Sabre,1,johnstephens@example.com,937.587.9917,Senior
38,Amanda,Perez,Amanda Perez,1969-11-04,F,Sabre,1,sfields@example.org,+1-911-251-2047,Senior
39,Chelsea,West,Chelsea West,1966-07-15,F,Sabre,1,vgutierrez@example.com,7597980493,Senior
40,Mikayla,Schneider,Mikayla Schneider,1978-06-20,F,Sabre,1,moraleskyle@example.org,7015517890,Senior
41,Tony,Jones,Tony Jones,2016-07-16,M,Foil,2,zcarroll@example.org,3666962950,U11
42,Randy,Myers,Randy Myers,2015-09-05,M,Foil,2,samuelwilliamson@example.net,8602988029,U11
43,Brian,Coffey,Brian Coffey,2016-12-14,M,Foil,2,cthomas@example.com,3386911152,U11
44,Joshua,Soto,Joshua Soto,2018-04-27,M,Foil,2,kristiebrock@example.com,001-955-390-8768x81473,U11
45,Isabel,Larson,Isabel Larson,2017-04-25,F,Foil,2,ifoster@example.com,+1-961-599-0854x5958,U11
46,Mary,Pratt,Mary Pratt,2016-12-20,F,Foil,2,jasonray@example.org,001-790-940-9950,U11
47,Sierra,Williams,Sierra Williams,2015-08-09,F,Foil,2,summersdavid@example.net,(795)840-2562x62157,U11
48,Sue,Navarro,Sue Navarro,2018-01-23,F,Foil,2,emathews@example.net,220-258-5408x37513,U11
49,Christopher,Bell,Christopher Bell,2013-02-23,M,Foil,2,stevenliu@example.org,2665861912,U13
50,Eric,Johnson,Eric Johnson,2014-01-18,M,Foil,2,michelle17@example.org,(833)771-5108,U13
51,Jimmy,Morton,Jimmy Morton,2013-10-22,M,Foil,2,jennifer49@example.net,370-435-1514,U13
52,Cody,Sweeney,Cody Sweeney,2013-02-01,M,Foil,2,jacksonryan@example.org,905.797.3706x38741,U13
53,Nancy,Weeks,Nancy Weeks,2014-06-25,F,Foil,2,robert28@example.com,+1-744-556-5776x474,U13
54,Courtney,Sanders,Courtney Sanders,2013-10-30,F,Foil,2,williamseric@example.com,(503)409-2060,U13
55,Mary,Henry,Mary Henry,2013-12-08,F,Foil,2,ericthomas@example.com,(800)877-4760,U13
56,Joan,Newton,Joan Newton,2014-06-14,F,Foil,2,sjohnson@example.com,346-811-9183,U13
57,Carlos,Price,Carlos Price,2011-12-19,M,Foil,2,fcoleman@example.net,001-920-600-7786x9059,U15
58,Jeffrey,Simmons,Jeffrey Simmons,2011-11-24,M,Foil,2,murphydebra@example.com,001-383-562-0886x046,U15
59,James,Elliott,James Elliott,2012-08-20,M,Foil,2,hansenapril@example.com,306.963.4888x0131,U15
60,Alyssa,Tran,Alyssa Tran,2012-05-04,F,Foil,2,starkanthony@example.org,563-601-7975x431,U15
61,Amy,Walters,Amy Walters,2011-06-17,F,Foil,2,alexanderbeck@example.org,7589667786,U15
62,Margaret,Campos,Margaret Campos,2012-03-10,F,Foil,2,annadillon@example.com,001-665-590-0132x027,U15
63,Andres,Castro,Andres Castro,2010-07-16,M,Foil,2,mcconnelllinda@example.net,2966080694,Cadet
64,David,Acevedo,David Acevedo,2009-04-30,M,Foil,2,jmarquez@example.org,001-507-914-4542,Cadet
65,Anthony,Wong,Anthony Wong,2009-07-01,M,Foil,2,lewisbrandy@example.com,001-925-287-7283x44737,Cadet
66,Michelle,Schwartz,Michelle Schwartz,2009-06-15,F,Foil,2,gibbstravis@example.com,(395)408-8902,Cadet
67,Katie,King,Katie King,2009-11-24,F,Foil,2,mjones@example.net,782.398.9299x0842,Cadet
68,Laura,Herrera,Laura Herrera,2009-12-11,F,Foil,2,jodyevans@example.org,462.879.4317,Cadet
69,Aaron,Ray,Aaron Ray,2008-04-14,M,Foil,2,murphyjacqueline@example.org,435.929.2867x83250,Junior
70,Scott,Sanchez,Scott Sanchez,2008-05-18,M,Foil,2,longstephanie@example.org,407.890.6734x221,Junior
71,Kyle,Luna,Kyle Luna,2006-07-22,M,Foil,2,suzannebowers@example.org,347-527-2766x6961,Junior
72,Sheila,Keith,Sheila Keith,2007-10-26,F,Foil,2,juliegaines@example.net,949-574-3557x69879,Junior
73,Kayla,Miller,Kayla Miller,2008-11-15,F,Foil,2,kylesanchez@example.org,230.832.7820x1204,Junior
74,Natalie,Jones,Natalie Jones,2007-08-24,F,Foil,2,charles05@example.org,763.890.5282,Junior
75,Matthew,Gomez,Matthew Gomez,1968-04-10,M,Foil,2,ucross@example.net,464-327-7584x29611,Senior
76,Vincent,Cole,Vincent Cole,1975-02-09,M,Foil,2,carlosjohnson@example.net,833.937.1162,Senior
77,Adam,Roth,Adam Roth,1998-10-09,M,Foil,2,floresjulia@example.org,(911)901-4355x686,Senior
78,Destiny,Lee,Destiny Lee,1994-10-30,F,Foil,2,frank71@example.net,001-369-942-6886x972,Senior
79,Susan,Perez,Susan Perez,1992-06-22,F,Foil,2,paige89@example.net,001-574-420-3148x103,Senior
80,Donna,Arroyo,Donna Arroyo,2003-10-08,F,Foil,2,masonchristina@example.net,5863735874,Senior
81,John,Williams,John Williams,2016-04-14,M,Epee,3,beverly19@example.org,001-882-515-4436x95608,U11
82,Gregory,Wagner,Gregory Wagner,2017-06-01,M,Epee,3,david51@example.com,690-296-2097,U11
83,Matthew,Norman,Matthew Norman,2016-08-04,M,Epee,3,claytonsara@example.net,001-481-861-3432x7485,U11
84,Taylor,Rose,Taylor Rose,2017-12-23,M,Epee,3,maureenwalker@example.net,001-205-204-6453x39239,U11
85,Lisa,Martin,Lisa Martin,2018-01-02,F,Epee,3,ybartlett@example.org,865.727.6299,U11
86,Nicole,Walker,Nicole Walker,2016-12-14,F,Epee,3,middletonthomas@example.com,+1-841-953-4366x52128,U11
87,Shannon,Webb,Shannon Webb,2016-06-17,F,Epee,3,vanessataylor@example.net,632-592-9980x8871,U11
88,Mrs.,Kimberly Johnston,Mrs. Kimberly Johnston,2017-11-23,F,Epee,3,meagan97@example.net,234-258-3828,U11
89,Robert,Conrad,Robert Conrad,2014-07-25,M,Epee,3,gloria15@example.org,001-402-416-1708x5406,U13
90,Mr.,Jesus Peterson,Mr. Jesus Peterson,2014-05-19,M,Epee,3,darrell28@example.com,3783552658,U13
91,Steven,Johnson,Steven Johnson,2013-07-13,M,Epee,3,emilywright@example.net,603.960.4733x5239,U13
92,Alex,Williams,Alex Williams,2014-05-15,M,Epee,3,andreacervantes@example.com,+1-459-590-4760x8854,U13
93,Sheila,Smith,Sheila Smith,2014-12-09,F,Epee,3,yrobinson@example.org,991.944.5026x8548,U13
94,Michele,Mitchell,Michele Mitchell,2014-05-19,F,Epee,3,kellymichael@example.net,460.637.3170,U13
95,Alyssa,Lee,Alyssa Lee,2013-09-17,F,Epee,3,lisakim@example.net,281-267-3475,U13
96,Amber,Smith,Amber Smith,2014-10-04,F,Epee,3,crystal59@example.com,001-357-973-7285x32745,U13
97,Aaron,Rasmussen,Aaron Rasmussen,2011-01-23,M,Epee,3,knixon@example.org,(641)656-8068,U15
98,Billy,Davis,Billy Davis,2012-05-18,M,Epee,3,herreramichelle@example.com,(860)337-8392x2968,U15
99,William,Rivera,William Rivera,2012-05-16,M,Epee,3,cainedward@example.net,001-705-452-9499x044,U15
100,Jacqueline,Jones,Jacqueline Jones,2011-04-02,F,Epee,3,williamgomez@example.net,424-964-7812x2134,U15
101,Sarah,Thomas,Sarah Thomas,2011-06-06,F,Epee,3,rebekah44@example.net,891-352-6252,U15
102,Brooke,Rodriguez,Brooke Rodriguez,2011-08-22,F,Epee,3,crystalgeorge@example.org,+1-501-868-5234x4693,U15
103,Jeffrey,Ibarra,Jeffrey Ibarra,2010-10-17,M,Epee,3,duncansharon@example.net,(210)553-1037x11521,Cadet
104,Jeremy,Aguirre,Jeremy Aguirre,2009-03-16,M,Epee,3,johnsonjennifer@example.org,333.948.6023x309,Cadet
105,Raymond,Anderson,Raymond Anderson,2009-10-18,M,Epee,3,kathryncurtis@example.com,(515)505-9861x96010,Cadet
106,Emily,Bentley,Emily Bentley,2010-01-02,F,Epee,3,hopkinsvanessa@example.org,+1-281-624-7728x03660,Cadet
107,Carol,Rogers,Carol Rogers,2010-09-16,F,Epee,3,diane45@example.net,+1-472-467-3307x19497,Cadet
108,Ashley,Hernandez,Ashley Hernandez,2009-01-17,F,Epee,3,heatherhunter@example.net,(797)941-7676,Cadet
109,Mike,George,Mike George,2007-12-13,M,Epee,3,knightdouglas@example.net,726-477-0446x53808,Junior
110,Christopher,James,Christopher James,2007-08-30,M,Epee,3,nicholas92@example.org,653-538-3363,Junior
111,Joseph,Velasquez,Joseph Velasquez,2008-10-19,M,Epee,3,jessica53@example.com,001-909-396-3249x854,Junior
112,Cristina,Watson,Cristina Watson,2006-02-10,F,Epee,3,sgarcia@example.org,+1-209-799-5441x43975,Junior
113,Nicole,Morales,Nicole Morales,2008-12-16,F,Epee,3,alvarezjulia@example.net,734-776-4845x18916,Junior
114,Lisa,Mcconnell,Lisa Mcconnell,2007-08-29,F,Epee,3,stefanie36@example.org,609.818.7957,Junior
115,Robert,King,Robert King,1977-06-13,M,Epee,3,heathersmith@example.net,+1-482-254-0138x319,Senior
116,Daniel,Hunt,Daniel Hunt,1994-11-06,M,Epee,3,lawrenceparker@example.org,(386)609-3897,Senior
117,Richard,Kennedy,Richard Kennedy,1988-12-09,M,Epee,3,rfritz@example.org,+1-596-832-9494x784,Senior
118,Tina,Miller,Tina Miller,1993-09-21,F,Epee,3,daniel96@example.com,001-266-941-3585x74802,Senior
119,Catherine,James,Catherine James,1964-07-18,F,Epee,3,grantholly@example.net,430-473-5483,Senior
120,Ashley,Pittman,Ashley Pittman,2001-03-22,F,Epee,3,sroberts@example.org,572-578-1310,Senior
121,Tyler,Horn,Tyler Horn,2015-12-03,M,Sabre,4,pwilson@example.org,707-361-8482,U11
122,Seth,Campbell,Seth Campbell,2017-09-03,M,Sabre,4,kellygutierrez@example.net,+1-922-869-2242x98178,U11
123,Robert,George,Robert George,2015-10-12,M,Sabre,4,chelsea99@example.net,317-678-1372x010,U11
124,Jared,Stanton,Jared Stanton,2015-11-09,M,Sabre,4,uthomas@example.net,+1-472-473-3807x627,U11
125,Leslie,Coleman,Leslie Coleman,2018-05-04,F,Sabre,4,jenny95@example.net,001-248-285-4128x094,U11
126,Beth,Wallace,Beth Wallace,2015-04-04,F,Sabre,4,ericbrown@example.com,(914)479-6118,U11
127,Tracy,Lewis,Tracy Lewis,2016-09-10,F,Sabre,4,jeffrey64@example.org,+1-558-489-1272,U11
128,Rachel,Huynh,Rachel Huynh,2018-01-26,F,Sabre,4,amy82@example.org,689.809.2606x85387,U11
129,Michael,Turner,Michael Turner,2013-03-21,M,Sabre,4,alicia53@example.com,372.592.3961x327,U13
130,Russell,Michael,Russell Michael,2014-12-05,M,Sabre,4,jenniferflowers@example.org,(301)566-4426,U13
131,Travis,Decker,Travis Decker,2013-06-17,M,Sabre,4,coxkimberly@example.net,642-378-2760x91623,U13
132,Christopher,Todd,Christopher Todd,2013-09-24,M,Sabre,4,campbellmatthew@example.org,897-453-1591x64608,U13
133,Stephanie,Anderson,Stephanie Anderson,2014-10-09,F,Sabre,4,fieldsstephanie@example.net,+1-354-542-5602x845,U13
134,Theresa,Sanchez,Theresa Sanchez,2013-06-11,F,Sabre,4,jasonwhite@example.net,523-257-9734x384,U13
135,Holly,Romero,Holly Romero,2013-01-26,F,Sabre,4,hillryan@example.com,464-932-0582,U13
136,Kara,Gonzales,Kara Gonzales,2014-01-27,F,Sabre,4,zmeadows@example.com,+1-643-513-3186x0985,U13
137,Randy,Olsen,Randy Olsen,2011-04-28,M,Sabre,4,erika62@example.org,+1-234-802-5888x46052,U15
138,Joshua,Rodriguez,Joshua Rodriguez,2011-01-02,M,Sabre,4,jaredjohnson@example.com,986-515-0706,U15
139,James,Robinson,James Robinson,2011-05-28,M,Sabre,4,contrerasconnie@example.org,001-548-295-1135x667,U15
140,Heather,Braun,Heather Braun,2011-11-08,F,Sabre,4,michael90@example.net,(510)568-7267x41331,U15
141,Jessica,Herrera,Jessica Herrera,2012-01-27,F,Sabre,4,herberthowell@example.org,758.566.1522x40494,U15
142,Carol,Murphy,Carol Murphy,2011-11-18,F,Sabre,4,trevinorichard@example.org,994.779.5825,U15
143,Joseph,Jones,Joseph Jones,2010-10-21,M,Sabre,4,ashley88@example.net,3747033722,Cadet
144,Adam,Moss,Adam Moss,2009-02-27,M,Sabre,4,zhart@example.net,+1-963-769-0672x722,Cadet
145,Isaac,Moore,Isaac Moore,2010-05-22,M,Sabre,4,xsmith@example.net,(677)370-7177,Cadet
146,Mrs.,Ruth Johnson,Mrs. Ruth Johnson,2009-07-27,F,Sabre,4,abarnett@example.org,7385104300,Cadet
147,Victoria,Serrano,Victoria Serrano,2009-12-19,F,Sabre,4,nwalker@example.org,575.974.6864,Cadet
148,Lisa,Davis,Lisa Davis,2009-12-14,F,Sabre,4,floresstacy@example.org,265-271-1881,Cadet
149,Ronald,Myers,Ronald Myers,2008-06-25,M,Sabre,4,walter34@example.com,725-817-9741x55416,Junior
150,Tyler,Gillespie,Tyler Gillespie,2007-02-13,M,Sabre,4,moodyluke@example.org,(231)750-3460x0473,Junior
151,Tyler,Jackson,Tyler Jackson,2006-07-23,M,Sabre,4,josephwalker@example.org,(556)679-7265,Junior
152,Natasha,Jones,Natasha Jones,2007-09-11,F,Sabre,4,ijames@example.com,4197282203,Junior
153,Karen,Gonzalez,Karen Gonzalez,2007-06-28,F,Sabre,4,ulucas@example.org,+1-344-696-0394x995,Junior
154,Amanda,Garcia,Amanda Garcia,2006-05-29,F,Sabre,4,susan22@example.com,886.533.1417x6387,Junior
155,Christopher,Moore,Christopher Moore,1980-09-29,M,Sabre,4,careystephanie@example.com,(862)454-2433x908,Senior
156,Timothy,Fowler,Timothy Fowler,2004-05-31,M,Sabre,4,vegakevin@example.org,001-606-213-1970x3326,Senior
157,Donald,Brown,Donald Brown,2002-08-07,M,Sabre,4,jfisher@example.com,(463)279-9412x924,Senior
158,Alexandra,Underwood MD,Alexandra Underwood MD,2005-01-29,F,Sabre,4,qcarlson@example.net,+1-586-653-9402x093,Senior
159,Kathleen,Coleman DVM,Kathleen Coleman DVM,1969-02-06,F,Sabre,4,mikaylabowman@example.com,743.275.5068x6416,Senior
160,Amber,Russo,Amber Russo,1984-12-07,F,Sabre,4,christinediaz@example.com,001-984-782-6165x25303,Senior
161,Peter,Haynes,Peter Haynes,2015-08-12,M,Foil,5,aaron98@example.org,(781)673-6355x939,U11
162,Julian,Casey,Julian Casey,2015-06-12,M,Foil,5,schmidtshaun@example.com,920-922-9139x2741,U11
163,Jonathan,Lester,Jonathan Lester,2017-09-11,M,Foil,5,asmith@example.com,(744)561-8660x9640,U11
164,Matthew,Bowman,Matthew Bowman,2015-02-22,M,Foil,5,jonestanya@example.net,730.639.1529,U11
165,Amanda,Reyes,Amanda Reyes,2015-07-28,F,Foil,5,kchan@example.com,001-387-308-3413x64200,U11
166,Sarah,Rogers,Sarah Rogers,2018-09-20,F,Foil,5,harrisdavid@example.net,533-763-3021x58640,U11
167,Elizabeth,Smith,Elizabeth Smith,2016-11-20,F,Foil,5,griffinannette@example.com,8698904222,U11
168,Jenna,Le,Jenna Le,2016-08-01,F,Foil,5,fpayne@example.net,+1-542-732-7329x9936,U11
169,Brandon,Aguilar,Brandon Aguilar,2013-07-27,M,Foil,5,crodriguez@example.net,(958)979-0795x968,U13
170,Randy,Eaton,Randy Eaton,2013-12-22,M,Foil,5,gonzalezandrea@example.com,(410)801-8495x4492,U13
171,Ricky,Quinn,Ricky Quinn,2014-10-16,M,Foil,5,breanna33@example.net,001-947-976-9036x12640,U13
172,Eric,Johnson,Eric Johnson,2013-10-14,M,Foil,5,tuckerbrian@example.net,001-596-494-5406x3303,U13
173,Alicia,Cochran,Alicia Cochran,2014-06-09,F,Foil,5,lcraig@example.com,(791)292-3299,U13
174,Dawn,Lee,Dawn Lee,2014-03-25,F,Foil,5,jonathanthomas@example.net,(824)466-2680x810,U13
175,Elizabeth,Hopkins,Elizabeth Hopkins,2014-03-27,F,Foil,5,bchavez@example.net,696-959-7613,U13
176,Meagan,Sloan,Meagan Sloan,2014-12-01,F,Foil,5,gmcgee@example.com,001-206-773-6039x20685,U13
177,Joseph,Stanley,Joseph Stanley,2011-12-20,M,Foil,5,davidjoyce@example.net,276.885.7060,U15
178,Justin,Madden,Justin Madden,2012-12-07,M,Foil,5,grahammatthew@example.org,2497456774,U15
179,Kyle,Schultz,Kyle Schultz,2012-02-25,M,Foil,5,donaldcamacho@example.net,+1-491-802-7663x65213,U15
180,Jessica,Turner,Jessica Turner,2011-06-21,F,Foil,5,jameswalters@example.org,235-285-6460,U15
181,Monique,Duncan,Monique Duncan,2011-10-21,F,Foil,5,andrew01@example.org,001-369-717-6469,U15
182,Rhonda,George,Rhonda George,2012-08-15,F,Foil,5,cjohnson@example.net,(861)390-6277x429,U15
183,Angel,Edwards,Angel Edwards,2009-09-01,M,Foil,5,jennifer30@example.org,+1-237-581-4836x5322,Cadet
184,Paul,Parks,Paul Parks,2010-12-09,M,Foil,5,hthomas@example.org,884.619.0014x8413,Cadet
185,Justin,Nelson,Justin Nelson,2010-10-15,M,Foil,5,john12@example.net,(347)368-8950,Cadet
186,Elizabeth,Herring,Elizabeth Herring,2009-10-02,F,Foil,5,leonbrian@example.net,(616)650-9891,Cadet
187,Brittany,Hubbard,Brittany Hubbard,2009-10-10,F,Foil,5,rachelharris@example.org,745-506-1046,Cadet
188,Sandra,Valdez,Sandra Valdez,2010-05-17,F,Foil,5,crystal31@example.com,+1-236-251-3987x1705,Cadet
189,Eduardo,Hernandez,Eduardo Hernandez,2006-06-30,M,Foil,5,escobarchristopher@example.net,+1-259-376-6494x6391,Junior
190,Aaron,Mcclure,Aaron Mcclure,2007-04-08,M,Foil,5,andersonandrew@example.com,+1-359-325-4693x9377,Junior
191,Lawrence,Garcia,Lawrence Garcia,2006-11-09,M,Foil,5,emilybradley@example.com,+1-901-708-7181x20908,Junior
192,Linda,Oliver,Linda Oliver,2008-09-07,F,Foil,5,james46@example.net,(871)554-0547x8409,Junior
193,Angela,Johnson,Angela Johnson,2006-01-06,F,Foil,5,hsantos@example.com,460-302-7254x649,Junior
194,Catherine,Newton,Catherine Newton,2006-08-11,F,Foil,5,cadams@example.net,001-609-849-2912,Junior
195,Anthony,Cabrera,Anthony Cabrera,1964-04-15,M,Foil,5,malikmiller@example.net,627-660-2057x35744,Senior
196,Craig,Quinn,Craig Quinn,1972-04-19,M,Foil,5,jenniferklein@example.org,646.898.3801x2577,Senior
197,Mark,Velez,Mark Velez,1966-10-03,M,Foil,5,albertgentry@example.com,517-829-8865,Senior
198,Karen,Sanders,Karen Sanders,1990-07-12,F,Foil,5,nancyrowland@example.com,258-809-6545x150,Senior
199,Whitney,Clark,Whitney Clark,1998-06-11,F,Foil,5,williamnicholson@example.com,393.881.5759x191,Senior
200,Tammy,Gonzalez,Tammy Gonzalez,1977-09-17,F,Foil,5,frankbrown@example.net,+1-588-492-1975,Senior
201,Timothy,Clark,Timothy Clark,2015-03-12,M,Epee,6,qquinn@example.net,686-582-7482x513,U11
202,Russell,Neal,Russell Neal,2018-01-02,M,Epee,6,kimberly62@example.net,(626)519-9146,U11
203,William,Espinoza MD,William Espinoza MD,2017-10-12,M,Epee,6,katherine74@example.com,001-594-854-0935,U11
204,Keith,Gomez,Keith Gomez,2016-09-24,M,Epee,6,millertara@example.net,(740)857-7048x908,U11
205,Susan,Brown,Susan Brown,2017-09-15,F,Epee,6,cwilkerson@example.net,206-954-2170,U11
206,Jennifer,Gomez,Jennifer Gomez,2015-11-29,F,Epee,6,scott63@example.org,(351)405-0653,U11
207,Kimberly,Lee,Kimberly Lee,2016-07-15,F,Epee,6,bishopdeanna@example.net,(322)717-7233,U11
208,Jennifer,Osborne,Jennifer Osborne,2017-11-12,F,Epee,6,vicki22@example.net,001-496-665-2142,U11
209,Gregory,Welch,Gregory Welch,2013-06-15,M,Epee,6,melaniedouglas@example.net,936.238.0429,U13
210,Travis,Savage,Travis Savage,2014-08-17,M,Epee,6,masonpaul@example.net,913.392.0032x8560,U13
211,Colton,Love,Colton Love,2014-03-14,M,Epee,6,ashleylowe@example.net,7676212176,U13
212,Ronald,White,Ronald White,2013-03-27,M,Epee,6,bryan38@example.org,+1-525-683-6502,U13
213,Sarah,Rodgers,Sarah Rodgers,2014-04-09,F,Epee,6,randy58@example.org,(271)560-2885x540,U13
214,Angela,Myers,Angela Myers,2014-07-02,F,Epee,6,xlittle@example.org,(885)399-3764x1737,U13
215,Crystal,Fitzgerald,Crystal Fitzgerald,2013-03-16,F,Epee,6,jorgedecker@example.net,(601)976-6088x4775,U13
216,Ashley,Sexton,Ashley Sexton,2014-06-23,F,Epee,6,allisonmichelle@example.net,2834890534,U13
217,Chris,Grant,Chris Grant,2010-12-18,M,Epee,6,qgraham@example.com,299-555-9880x32188,U15
218,Andrew,Wong,Andrew Wong,2011-04-17,M,Epee,6,jhayes@example.net,488-359-2585,U15
219,David,Anderson,David Anderson,2012-11-01,M,Epee,6,madelinepadilla@example.org,262.369.3533x2747,U15
220,Dana,Crawford,Dana Crawford,2011-07-06,F,Epee,6,andrewmiller@example.org,001-529-754-0934x86250,U15
221,Haley,Greer,Haley Greer,2012-10-19,F,Epee,6,bruce17@example.com,385-878-4380x3229,U15
222,Stephanie,Melton,Stephanie Melton,2011-03-28,F,Epee,6,dcook@example.com,(846)412-0905,U15
223,Brian,Ortiz,Brian Ortiz,2009-12-24,M,Epee,6,noah32@example.net,251.626.7051,Cadet
224,Bruce,Yu,Bruce Yu,2009-09-15,M,Epee,6,joseph32@example.net,650.200.8211x94580,Cadet
225,Herbert,Smith,Herbert Smith,2010-03-24,M,Epee,6,omiller@example.net,(571)890-0053x9328,Cadet
226,Kelly,Brown,Kelly Brown,2009-09-26,F,Epee,6,leejennifer@example.com,576-780-3217,Cadet
227,Rebecca,Myers,Rebecca Myers,2009-07-20,F,Epee,6,heathertran@example.net,+1-921-865-4726,Cadet
228,Angela,Adams,Angela Adams,2009-03-30,F,Epee,6,butlernicholas@example.com,568.613.9938,Cadet
229,Daniel,Garcia,Daniel Garcia,2007-10-09,M,Epee,6,hoffmansarah@example.com,214-985-4709,Junior
230,Mark,Mclean,Mark Mclean,2007-07-29,M,Epee,6,olsondavid@example.org,001-335-872-9749x92378,Junior
231,Bryan,Lopez,Bryan Lopez,2008-12-03,M,Epee,6,kimberlynixon@example.com,(486)589-9011x9109,Junior
232,Amber,Vaughn,Amber Vaughn,2008-10-06,F,Epee,6,fmartin@example.org,001-682-233-2270x7112,Junior
233,Gwendolyn,Johnson,Gwendolyn Johnson,2006-12-06,F,Epee,6,uramirez@example.com,7992026076,Junior
234,Monica,Anderson,Monica Anderson,2008-08-02,F,Epee,6,christopherlynch@example.com,3256915333,Junior
235,Luis,Miller,Luis Miller,1983-10-20,M,Epee,6,ystephens@example.com,001-924-981-9347x60085,Senior
236,David,White,David White,1996-07-15,M,Epee,6,garyholloway@example.net,+1-677-246-8093x988,Senior
237,Matthew,Burgess,Matthew Burgess,1991-08-27,M,Epee,6,myersjason@example.org,+1-441-638-4992x13545,Senior
238,Jacqueline,Ramirez,Jacqueline Ramirez,1971-08-16,F,Epee,6,alexanderethan@example.org,(221)605-9853x14555,Senior
239,Kathy,Cox,Kathy Cox,1967-05-11,F,Epee,6,tharvey@example.com,949.325.4065x7469,Senior
240,Lisa,Tran,Lisa Tran,1980-07-20,F,Epee,6,hernandezrobert@example.net,860.514.2825x774,Senior
241,Edward,Rollins,Edward Rollins,2017-01-12,M,Sabre,7,fischerdale@example.net,634.854.7993x4239,U11
242,Brian,Gray,Brian Gray,2016-11-29,M,Sabre,7,stephen91@example.com,001-493-542-1541x59191,U11
243,Robert,Reeves,Robert Reeves,2018-07-15,M,Sabre,7,pachecomackenzie@example.net,9028703128,U11
244,Antonio,Miller,Antonio Miller,2018-01-02,M,Sabre,7,jennifer35@example.com,(860)759-3652x7847,U11
245,Angela,Perez,Angela Perez,2015-10-25,F,Sabre,7,nicholasscott@example.net,(274)921-1690x6487,U11
246,Susan,Davis DDS,Susan Davis DDS,2018-01-18,F,Sabre,7,brian12@example.org,(634)799-1279x2613,U11
247,Meghan,White,Meghan White,2015-10-26,F,Sabre,7,pclark@example.net,(998)827-5593x03801,U11
248,Debra,Lester,Debra Lester,2015-02-23,F,Sabre,7,silvajason@example.net,+1-970-448-4832x695,U11
249,Andrew,Smith,Andrew Smith,2013-04-20,M,Sabre,7,dbrooks@example.net,+1-755-872-0171x058,U13
250,Julian,Taylor,Julian Taylor,2013-03-13,M,Sabre,7,david70@example.com,001-521-831-1441x028,U13
251,Isaac,Fletcher,Isaac Fletcher,2014-07-19,M,Sabre,7,simstammy@example.com,863.803.7466,U13
252,Erik,Roberts,Erik Roberts,2014-10-14,M,Sabre,7,joshua29@example.org,211.631.0228x06444,U13
253,Joyce,Ball,Joyce Ball,2013-03-06,F,Sabre,7,jason25@example.net,+1-852-566-0825x13138,U13
254,Elizabeth,Brown,Elizabeth Brown,2013-01-21,F,Sabre,7,harrisonanthony@example.net,(222)908-6229,U13
255,Megan,Lee,Megan Lee,2014-04-26,F,Sabre,7,robertsonjose@example.com,3785640831,U13
256,Andrea,Gross,Andrea Gross,2014-08-31,F,Sabre,7,erin89@example.com,466-422-9872x904,U13
257,Thomas,Morton,Thomas Morton,2011-08-11,M,Sabre,7,jflores@example.net,(980)233-2298x834,U15
258,Chris,Brock,Chris Brock,2012-02-21,M,Sabre,7,catherineandrade@example.com,502-470-8166x4048,U15
259,Steven,Wilkins,Steven Wilkins,2011-10-27,M,Sabre,7,david56@example.org,+1-294-675-1450x25261,U15
260,Samantha,Patrick,Samantha Patrick,2011-01-17,F,Sabre,7,gkent@example.org,+1-560-623-8404x6490,U15
261,Shannon,James,Shannon James,2011-09-04,F,Sabre,7,ngarcia@example.com,3152772292,U15
262,Lauren,Cisneros,Lauren Cisneros,2012-03-18,F,Sabre,7,vgordon@example.net,001-480-732-5905x0140,U15
263,Michael,Kennedy,Michael Kennedy,2010-12-05,M,Sabre,7,smithjustin@example.com,(538)935-4189x8976,Cadet
264,Michael,Coleman,Michael Coleman,2010-02-26,M,Sabre,7,xzuniga@example.net,+1-929-376-0965,Cadet
265,Joseph,Arnold,Joseph Arnold,2010-09-19,M,Sabre,7,vincentjones@example.org,(519)868-4765,Cadet
266,Michele,Morris MD,Michele Morris MD,2010-04-07,F,Sabre,7,lyonsmonica@example.org,252-648-8123x70223,Cadet
267,Hailey,Pierce,Hailey Pierce,2009-03-02,F,Sabre,7,janet82@example.net,001-525-376-9048x767,Cadet
268,Stephanie,Graham,Stephanie Graham,2010-07-26,F,Sabre,7,harrisjoy@example.org,776-224-5985,Cadet
269,Justin,Lamb,Justin Lamb,2006-07-17,M,Sabre,7,ehuang@example.org,425-522-7580x0294,Junior
270,Brian,Richards,Brian Richards,2008-02-07,M,Sabre,7,hthomas@example.org,985-307-1749,Junior
271,Roger,Jackson,Roger Jackson,2006-03-05,M,Sabre,7,parkerjennifer@example.com,001-653-760-8766x284,Junior
272,Christine,Thompson,Christine Thompson,2008-05-28,F,Sabre,7,brandon24@example.org,+1-559-758-8721x336,Junior
273,Kayla,Johnson,Kayla Johnson,2006-08-22,F,Sabre,7,ywhite@example.net,971.387.3984x827,Junior
274,Heather,Blanchard,Heather Blanchard,2007-03-15,F,Sabre,7,derek07@example.org,9033665668,Junior
275,Gregory,Meyer,Gregory Meyer,1976-09-20,M,Sabre,7,iwatts@example.net,(663)548-3381x59715,Senior
276,Daniel,Johnson,Daniel Johnson,1974-02-14,M,Sabre,7,cantuelizabeth@example.net,+1-940-890-9164x601,Senior
277,Frank,Campbell,Frank Campbell,2000-08-09,M,Sabre,7,jhoffman@example.com,(680)408-7493,Senior
278,Kristina,Williams,Kristina Williams,1977-10-03,F,Sabre,7,bbrown@example.net,(998)833-3091x746,Senior
279,Darlene,Gallegos MD,Darlene Gallegos MD,1968-01-24,F,Sabre,7,cholland@example.net,(800)389-1014,Senior
280,Kristin,Wilkins,Kristin Wilkins,2003-03-11,F,Sabre,7,ilopez@example.net,(998)869-7379,Senior
281,Michael,Armstrong,Michael Armstrong,2016-10-20,M,Foil,8,luisswanson@example.com,+1-895-797-1549x1362,U11
282,Trevor,Rios,Trevor Rios,2018-07-28,M,Foil,8,rachel81@example.com,(390)924-5620x6761,U11
283,Preston,Melton,Preston Melton,2018-08-22,M,Foil,8,millerkelsey@example.net,+1-907-456-4799x240,U11
284,Justin,Figueroa,Justin Figueroa,2017-03-01,M,Foil,8,annajennings@example.net,765.233.5739,U11
285,Kimberly,Moss,Kimberly Moss,2018-04-26,F,Foil,8,orozconatalie@example.net,(621)392-2226,U11
286,Sandy,Cooper,Sandy Cooper,2016-12-13,F,Foil,8,joneswhitney@example.com,001-401-596-6653x7980,U11
287,Amanda,Carroll,Amanda Carroll,2015-07-16,F,Foil,8,joseph62@example.org,(423)385-2856,U11
288,Christine,Reyes,Christine Reyes,2016-03-28,F,Foil,8,codydavis@example.org,482-832-7873x369,U11
289,Mr.,Christopher Delgado,Mr. Christopher Delgado,2014-11-23,M,Foil,8,twarner@example.com,583.496.2354x04798,U13
290,Phillip,James,Phillip James,2014-05-02,M,Foil,8,gutierrezjenna@example.com,+1-651-244-1325x88441,U13
291,Jack,Gates,Jack Gates,2014-04-04,M,Foil,8,hurleychristopher@example.org,6508997941,U13
292,John,Scott,John Scott,2013-07-12,M,Foil,8,tiffanymclean@example.net,+1-396-699-0486x143,U13
293,Amy,Lee,Amy Lee,2013-11-26,F,Foil,8,michael16@example.net,(590)483-2901x7570,U13
294,Mary,Aguilar,Mary Aguilar,2014-01-11,F,Foil,8,brian26@example.net,(647)546-0069x578,U13
295,Christine,Kramer,Christine Kramer,2013-07-30,F,Foil,8,sroberts@example.com,643-318-8228,U13
296,Amanda,Hernandez,Amanda Hernandez,2014-01-06,F,Foil,8,uarnold@example.net,371-791-9886x921,U13
297,Matthew,Morris,Matthew Morris,2012-05-26,M,Foil,8,sandersemily@example.com,638.578.1487x78042,U15
298,Dr.,Gregory King,Dr. Gregory King,2012-05-08,M,Foil,8,karagiles@example.org,001-585-915-7251x31003,U15
299,Tyler,Mccoy,Tyler Mccoy,2011-04-19,M,Foil,8,gthornton@example.org,001-574-642-4835x016,U15
300,Sarah,King,Sarah King,2011-07-15,F,Foil,8,georgehanna@example.org,(909)640-2150x218,U15
301,Tracy,Brown,Tracy Brown,2011-12-29,F,Foil,8,gainesmary@example.org,7953707101,U15
302,Brianna,Perez,Brianna Perez,2011-11-20,F,Foil,8,phyllis65@example.org,+1-483-659-8261x318,U15
303,Dominic,Adams,Dominic Adams,2009-05-18,M,Foil,8,cruzrichard@example.com,(950)681-8193,Cadet
304,Jesse,Cantu,Jesse Cantu,2010-10-08,M,Foil,8,annette92@example.com,+1-223-545-8685x509,Cadet
305,Matthew,Brown,Matthew Brown,2010-10-01,M,Foil,8,joseph50@example.com,001-251-887-1165x39738,Cadet
306,Christine,Mcguire,Christine Mcguire,2010-06-26,F,Foil,8,robertsonalexis@example.org,+1-813-548-0372x69476,Cadet
307,Morgan,Sanchez,Morgan Sanchez,2010-03-31,F,Foil,8,rachelklein@example.net,718.583.9879x55537,Cadet
308,Shannon,Lee,Shannon Lee,2009-04-13,F,Foil,8,markbell@example.net,001-645-781-5907x222,Cadet
309,Juan,Alvarez,Juan Alvarez,2007-02-27,M,Foil,8,richardanna@example.com,9044827952,Junior
310,Christopher,Taylor,Christopher Taylor,2007-05-05,M,Foil,8,wlopez@example.net,432.403.1240x433,Junior
311,Paul,Wang,Paul Wang,2007-11-20,M,Foil,8,jaimehernandez@example.net,(465)309-4813x2372,Junior
312,Lauren,Robinson,Lauren Robinson,2006-03-26,F,Foil,8,glennheather@example.net,+1-980-518-0663x64382,Junior
313,Melanie,Williams,Melanie Williams,2008-10-01,F,Foil,8,jonesmelissa@example.net,433-951-6844,Junior
314,Megan,Houston,Megan Houston,2008-05-04,F,Foil,8,kshaw@example.com,280.511.1332,Junior
315,Kevin,Griffith,Kevin Griffith,1964-05-16,M,Foil,8,jeremiah88@example.com,(358)679-4239x955,Senior
316,Franklin,Brown,Franklin Brown,1987-02-14,M,Foil,8,james50@example.org,596-614-8537x996,Senior
317,Joshua,Snyder,Joshua Snyder,1978-09-30,M,Foil,8,nclark@example.org,928-208-8654,Senior
318,Sarah,Gonzales,Sarah Gonzales,1977-10-29,F,Foil,8,qbarker@example.com,+1-288-612-8436x6760,Senior
319,Laura,Moore,Laura Moore,1991-05-21,F,Foil,8,longshaun@example.org,3733218121,Senior
320,Mia,Butler,Mia Butler,1989-05-28,F,Foil,8,nicholas61@example.net,960.279.8665x70818,Senior
321,Gary,Zamora,Gary Zamora,2016-06-04,M,Epee,9,edward87@example.com,001-841-407-8075x71319,U11
322,Michael,Fry,Michael Fry,2015-12-25,M,Epee,9,charlesmccoy@example.com,+1-386-620-1597x307,U11
323,Robert,Gregory,Robert Gregory,2018-01-22,M,Epee,9,kwalker@example.org,399-942-2969x1876,U11
324,Robert,Brown,Robert Brown,2017-05-25,M,Epee,9,taguilar@example.net,(937)546-9742,U11
325,Sheila,Calderon,Sheila Calderon,2018-10-23,F,Epee,9,schwartzkaren@example.net,334.854.6478x579,U11
326,Lindsay,Gonzalez,Lindsay Gonzalez,2017-01-04,F,Epee,9,hjones@example.net,+1-878-740-4037x45140,U11
327,Donna,Miller,Donna Miller,2015-08-23,F,Epee,9,jthompson@example.net,475.699.8423,U11
328,Jennifer,Potter,Jennifer Potter,2016-04-06,F,Epee,9,nryan@example.com,(415)895-1901x05234,U11
329,Daniel,Heath,Daniel Heath,2013-06-26,M,Epee,9,josephsalazar@example.org,+1-811-623-2144x334,U13
330,David,Wyatt,David Wyatt,2014-08-08,M,Epee,9,melaniegamble@example.com,666.945.4281,U13
331,Manuel,Craig,Manuel Craig,2013-10-13,M,Epee,9,christopher17@example.org,811-983-2702,U13
332,James,Wise,James Wise,2014-10-20,M,Epee,9,brianthompson@example.com,001-829-200-5045x81638,U13
333,Carrie,West,Carrie West,2014-05-22,F,Epee,9,michelle10@example.org,2722104724,U13
334,Samantha,Maldonado,Samantha Maldonado,2014-04-11,F,Epee,9,jmcfarland@example.org,558-236-8506x833,U13
335,Kelly,Pratt,Kelly Pratt,2013-08-02,F,Epee,9,walkerpaul@example.com,(789)211-4269,U13
336,Jenny,Casey,Jenny Casey,2014-01-05,F,Epee,9,jallen@example.com,708-385-4725x61502,U13
337,Cory,Evans,Cory Evans,2011-08-15,M,Epee,9,willie83@example.com,(655)319-5069x3307,U15
338,Jason,Alvarez,Jason Alvarez,2012-10-24,M,Epee,9,anthonylane@example.net,476.311.6584,U15
339,Glenn,James,Glenn James,2011-06-18,M,Epee,9,amanda30@example.com,378.828.9720x45706,U15
340,Michele,Montgomery,Michele Montgomery,2011-06-14,F,Epee,9,robinhamilton@example.net,616.472.8552x72435,U15
341,Samantha,Lewis,Samantha Lewis,2011-12-06,F,Epee,9,upatrick@example.org,299-389-0834x1018,U15
342,Emily,Cervantes,Emily Cervantes,2011-09-03,F,Epee,9,morenonathan@example.com,873.363.7297x43681,U15
343,Christopher,Gutierrez,Christopher Gutierrez,2010-05-31,M,Epee,9,connie78@example.net,+1-412-245-2234x1394,Cadet
344,Raymond,Brown,Raymond Brown,2009-03-10,M,Epee,9,tjackson@example.org,+1-280-912-9411,Cadet
345,Alejandro,Lutz,Alejandro Lutz,2009-11-12,M,Epee,9,cooperjacqueline@example.net,(223)921-3563x826,Cadet
346,Marissa,Ramirez,Marissa Ramirez,2010-04-12,F,Epee,9,lritter@example.com,+1-673-622-1747,Cadet
347,Courtney,Williamson,Courtney Williamson,2009-05-10,F,Epee,9,mrichardson@example.net,(837)900-8362x50042,Cadet
348,Elizabeth,Jones,Elizabeth Jones,2010-02-08,F,Epee,9,mendozavictoria@example.net,(221)823-3728,Cadet
349,Jorge,Carey,Jorge Carey,2007-10-14,M,Epee,9,staffordjustin@example.net,+1-699-897-7908x8795,Junior
350,James,White,James White,2007-02-28,M,Epee,9,dorseybobby@example.net,241.341.0680x2831,Junior
351,Joseph,Johnson,Joseph Johnson,2006-02-25,M,Epee,9,bmclaughlin@example.com,001-350-716-6354x6264,Junior
352,Erin,Reyes,Erin Reyes,2008-06-26,F,Epee,9,shelia79@example.net,309-634-1247,Junior
353,Ashley,Vargas,Ashley Vargas,2006-02-25,F,Epee,9,paul58@example.com,001-990-787-7551x439,Junior
354,Chloe,Lee,Chloe Lee,2008-10-25,F,Epee,9,karen72@example.net,001-481-511-8673,Junior
355,Gregg,Fletcher,Gregg Fletcher,1999-06-25,M,Epee,9,harrisonmaria@example.com,845.970.5917x503,Senior
356,John,Booth,John Booth,1964-08-06,M,Epee,9,aharris@example.org,(436)438-4290,Senior
357,Bobby,Carr,Bobby Carr,1961-07-15,M,Epee,9,penathomas@example.net,7819948942,Senior
358,Catherine,Garcia,Catherine Garcia,1972-03-13,F,Epee,9,gelliott@example.com,488-755-3196x608,Senior
359,Connie,Spears,Connie Spears,1986-08-21,F,Epee,9,caitlin82@example.com,715-411-1441,Senior
360,Sydney,Bradley MD,Sydney Bradley MD,1972-04-02,F,Epee,9,danieldennis@example.com,353.246.3101,Senior
361,Ricky,Hawkins,Ricky Hawkins,2017-05-30,M,Sabre,10,msullivan@example.net,8076538027,U11
362,Patrick,Ware,Patrick Ware,2015-06-13,M,Sabre,10,cmay@example.net,(396)512-9508,U11
363,David,Hayes,David Hayes,2018-10-13,M,Sabre,10,julie84@example.org,773-899-1338,U11
364,Jeffrey,Copeland,Jeffrey Copeland,2018-08-19,M,Sabre,10,jenniferharmon@example.net,001-948-246-5403x561,U11
365,Sarah,Ruiz,Sarah Ruiz,2018-10-11,F,Sabre,10,michaelgarza@example.net,745.344.4063x4001,U11
366,Amanda,Waters,Amanda Waters,2015-11-07,F,Sabre,10,darrenvance@example.net,511.808.1432x82481,U11
367,Samantha,Holder,Samantha Holder,2018-02-01,F,Sabre,10,qanderson@example.net,8668439786,U11
368,Deborah,Duncan,Deborah Duncan,2015-02-15,F,Sabre,10,qclarke@example.com,001-344-277-2561,U11
369,Thomas,Keller,Thomas Keller,2013-06-18,M,Sabre,10,tmitchell@example.net,+1-238-217-0551,U13
370,Warren,Phillips,Warren Phillips,2014-04-28,M,Sabre,10,zchristian@example.org,750.627.7508x636,U13
371,Kevin,Hull,Kevin Hull,2013-07-16,M,Sabre,10,jeremy07@example.com,(472)531-4681x2160,U13
372,Joseph,Hall,Joseph Hall,2013-03-14,M,Sabre,10,derekyates@example.org,(562)301-6207,U13
373,Kelly,Juarez,Kelly Juarez,2013-09-02,F,Sabre,10,qbrock@example.org,693-924-1779x85783,U13
374,Brittany,Harris,Brittany Harris,2013-03-20,F,Sabre,10,mary02@example.org,+1-325-286-4938x35762,U13
375,Katherine,Diaz,Katherine Diaz,2013-05-02,F,Sabre,10,adamsmaria@example.net,+1-253-839-6837x173,U13
376,Tanya,King,Tanya King,2013-04-04,F,Sabre,10,andrea84@example.org,(540)373-2970x042,U13
377,Robert,Nelson,Robert Nelson,2011-02-24,M,Sabre,10,garrett67@example.org,+1-260-561-6658,U15
378,Robert,Howard,Robert Howard,2011-04-10,M,Sabre,10,spencer76@example.com,(974)770-8688x657,U15
379,Sean,Cook,Sean Cook,2011-08-15,M,Sabre,10,moorejacob@example.com,(298)510-4373,U15
380,Sabrina,Cain,Sabrina Cain,2011-02-18,F,Sabre,10,johnsonbetty@example.net,(813)605-1743x74603,U15
381,Nicole,Alvarez,Nicole Alvarez,2012-08-06,F,Sabre,10,garciamargaret@example.com,612.213.0178,U15
382,Tammy,Hatfield,Tammy Hatfield,2012-08-20,F,Sabre,10,vharris@example.net,620.770.3313,U15
383,Philip,Barnes,Philip Barnes,2010-01-15,M,Sabre,10,samuel56@example.com,539.541.1495x6337,Cadet
384,Brian,Boone,Brian Boone,2010-01-24,M,Sabre,10,luis49@example.org,823.947.5866x41126,Cadet
385,Cameron,Dudley,Cameron Dudley,2010-04-25,M,Sabre,10,gabriela58@example.com,481.974.1139x30456,Cadet
386,Caroline,Freeman,Caroline Freeman,2009-12-12,F,Sabre,10,christianperry@example.org,001-287-745-0849,Cadet
387,Nicole,Burke,Nicole Burke,2009-04-08,F,Sabre,10,richardhamilton@example.net,4793250010,Cadet
388,Michelle,Martin,Michelle Martin,2010-01-26,F,Sabre,10,jesseballard@example.com,294.824.4307,Cadet
389,Clarence,Wilson,Clarence Wilson,2006-01-11,M,Sabre,10,omorse@example.org,(958)626-3483x7174,Junior
390,Jonathan,Warner,Jonathan Warner,2008-12-12,M,Sabre,10,jessica54@example.com,001-670-999-2419x42442,Junior
391,Matthew,Kelly,Matthew Kelly,2007-01-09,M,Sabre,10,amanda39@example.net,(427)778-9020x724,Junior
392,Cindy,Mckay,Cindy Mckay,2008-09-27,F,Sabre,10,brianpearson@example.com,423-526-5343x8919,Junior
393,Kayla,Rivera,Kayla Rivera,2006-04-19,F,Sabre,10,jacob81@example.org,508.205.3070,Junior
394,Laura,Blackwell,Laura Blackwell,2007-08-26,F,Sabre,10,loriholder@example.net,981-701-1529x71056,Junior
395,Michael,Webb,Michael Webb,1994-06-06,M,Sabre,10,dwalton@example.net,923-263-5344x0585,Senior
396,Jacob,Wilson,Jacob Wilson,1976-02-21,M,Sabre,10,jamesrenee@example.com,001-636-964-3991x6841,Senior
397,Bryan,Murphy,Bryan Murphy,1972-08-03,M,Sabre,10,kevin02@example.com,837.713.5060,Senior
398,Judy,Coleman,Judy Coleman,1995-06-09,F,Sabre,10,vperry@example.net,849-215-1049x910,Senior
399,Heather,Alvarez,Heather Alvarez,1986-01-16,F,Sabre,10,april87@example.com,411.315.0441,Senior
400,Jenny,Nguyen,Jenny Nguyen,2000-09-26,F,Sabre,10,lauraobrien@example.org,389.437.6652x14844,Senior
401,Robert,Davis,Robert Davis,2015-11-29,M,Foil,11,pstrickland@example.org,+1-466-230-3019x2317,U11
402,Dr.,Brandon Baker,Dr. Brandon Baker,2017-03-21,M,Foil,11,rjohnson@example.net,+1-470-843-7327,U11
403,William,Cook,William Cook,2018-05-15,M,Foil,11,whitezachary@example.com,(932)669-4267x144,U11
404,Kevin,Evans,Kevin Evans,2016-04-19,M,Foil,11,kevin80@example.net,574.624.6262,U11
405,Stacy,Baker,Stacy Baker,2017-08-18,F,Foil,11,henrytimothy@example.com,383-931-7677,U11
406,Amy,Lopez,Amy Lopez,2015-03-04,F,Foil,11,shellyelliott@example.org,001-985-632-6480x9403,U11
407,Brandy,Koch,Brandy Koch,2015-05-16,F,Foil,11,hallkristy@example.net,761-615-3003,U11
408,Pamela,Webb,Pamela Webb,2018-06-02,F,Foil,11,bethflores@example.com,+1-258-520-3679x991,U11
409,Nicholas,Lutz,Nicholas Lutz,2014-02-25,M,Foil,11,sandyramos@example.com,001-301-201-0626x6926,U13
410,Carlos,Bennett,Carlos Bennett,2014-06-24,M,Foil,11,martinkenneth@example.com,935.941.9912x153,U13
411,Charles,Perry,Charles Perry,2013-11-06,M,Foil,11,angel87@example.net,7898210272,U13
412,Jorge,Smith,Jorge Smith,2013-12-11,M,Foil,11,harrisscott@example.net,+1-675-718-2408x64329,U13
413,Linda,Riley,Linda Riley,2014-02-16,F,Foil,11,edward94@example.org,(810)382-9177x669,U13
414,Allison,Carpenter,Allison Carpenter,2013-12-29,F,Foil,11,phyllishenderson@example.org,4278351746,U13
415,Diane,Brown,Diane Brown,2013-04-26,F,Foil,11,zterry@example.net,+1-257-731-2476,U13
416,Shannon,Nelson,Shannon Nelson,2013-01-09,F,Foil,11,jose85@example.org,9336038134,U13
417,Aaron,Turner,Aaron Turner,2012-02-29,M,Foil,11,shannoncolon@example.net,505.973.6836x677,U15
418,Anthony,Mendez,Anthony Mendez,2012-08-17,M,Foil,11,hullstephanie@example.com,4036389438,U15
419,James,Morgan,James Morgan,2012-01-20,M,Foil,11,croy@example.com,245-301-2812,U15
420,Dr.,Mandy Jordan DDS,Dr. Mandy Jordan DDS,2011-05-07,F,Foil,11,mark65@example.net,756.512.4258x22746,U15
421,Jasmine,Barrera,Jasmine Barrera,2011-10-22,F,Foil,11,cruiz@example.com,(405)601-0059,U15
422,Melinda,Mann,Melinda Mann,2012-11-20,F,Foil,11,alexanderlisa@example.org,001-465-522-7980x25254,U15
423,Scott,Douglas,Scott Douglas,2009-10-09,M,Foil,11,jordanjason@example.org,(355)296-9833x47988,Cadet
424,Brian,Griffin,Brian Griffin,2010-08-09,M,Foil,11,jonesandrew@example.com,751.649.2898x279,Cadet
425,Justin,Vasquez,Justin Vasquez,2009-10-27,M,Foil,11,gnorton@example.org,8074025469,Cadet
426,Valerie,Clark,Valerie Clark,2008-12-26,F,Foil,11,camposjohn@example.org,308-855-4748x398,Cadet
427,Jennifer,Lewis,Jennifer Lewis,2009-11-17,F,Foil,11,katelyn59@example.com,001-940-584-6676,Cadet
428,Shannon,Estrada,Shannon Estrada,2010-07-28,F,Foil,11,jackson97@example.org,(352)728-0939x037,Cadet
429,Richard,Wilson,Richard Wilson,2007-08-11,M,Foil,11,amy73@example.org,224-962-9784x2472,Junior
430,Juan,Price,Juan Price,2007-08-31,M,Foil,11,fhall@example.net,+1-736-512-1429x938,Junior
431,Frederick,Harmon,Frederick Harmon,2008-07-22,M,Foil,11,jacksonlane@example.com,232-674-8425,Junior
432,Jo,Johnson,Jo Johnson,2008-09-06,F,Foil,11,murphydonna@example.org,962-956-1739x6460,Junior
433,Emily,Golden,Emily Golden,2006-05-13,F,Foil,11,roger25@example.net,861.953.2190x3984,Junior
434,Ashley,May,Ashley May,2006-04-12,F,Foil,11,christopher71@example.net,713.919.8155x4302,Junior
435,Daniel,Rodriguez,Daniel Rodriguez,1963-02-04,M,Foil,11,shawn80@example.com,+1-943-646-8976x156,Senior
436,Ryan,Bell,Ryan Bell,1994-06-19,M,Foil,11,imoore@example.org,+1-479-554-6179x18130,Senior
437,Kevin,Smith,Kevin Smith,1982-12-24,M,Foil,11,robertpowell@example.org,688.957.8410x6999,Senior
438,Debbie,Freeman,Debbie Freeman,1961-08-10,F,Foil,11,caitlynfarmer@example.com,2053262757,Senior
439,Lisa,Cooke,Lisa Cooke,1963-03-28,F,Foil,11,contrerasscott@example.net,779.799.7451x5866,Senior
440,Meredith,Edwards,Meredith Edwards,2000-05-22,F,Foil,11,walkerbrian@example.org,(872)438-2077x3705,Senior
441,Dale,Mccullough,Dale Mccullough,2015-06-26,M,Epee,12,marcus33@example.net,001-749-391-4277x85426,U11
442,William,Hart,William Hart,2016-04-01,M,Epee,12,qboone@example.net,001-611-628-1188,U11
443,Mr.,Brian Collier,Mr. Brian Collier,2018-05-22,M,Epee,12,angelalove@example.net,528-202-5477,U11
444,Matthew,Shaffer,Matthew Shaffer,2015-06-01,M,Epee,12,james70@example.net,500.850.9254,U11
445,Sara,Gray,Sara Gray,2016-09-11,F,Epee,12,wileybryce@example.net,605.813.5250x679,U11
446,Judy,Caldwell,Judy Caldwell,2016-12-25,F,Epee,12,eolson@example.org,+1-792-882-5407,U11
447,Rebecca,Rodriguez MD,Rebecca Rodriguez MD,2018-02-07,F,Epee,12,debbie45@example.net,918.693.8588x652,U11
448,Jaclyn,Rollins,Jaclyn Rollins,2016-09-05,F,Epee,12,wilkersonteresa@example.org,+1-560-824-8241,U11
449,Cameron,Houston,Cameron Houston,2013-12-28,M,Epee,12,alyssa20@example.com,(807)605-1446x75246,U13
450,Daniel,Mclean,Daniel Mclean,2014-05-21,M,Epee,12,xpruitt@example.com,(296)857-3414x46552,U13
451,Jason,Taylor,Jason Taylor,2013-06-17,M,Epee,12,xmartin@example.org,+1-217-377-1361x6685,U13
452,Harold,Shepard,Harold Shepard,2013-02-26,M,Epee,12,danielsvictoria@example.net,+1-234-941-2019x3773,U13
453,Jessica,Cruz,Jessica Cruz,2013-11-13,F,Epee,12,lowens@example.org,518-454-1181x29203,U13
454,Robin,Douglas,Robin Douglas,2013-12-09,F,Epee,12,kellyclark@example.net,(533)315-5007,U13
455,Jennifer,Murphy,Jennifer Murphy,2014-03-20,F,Epee,12,sheilatucker@example.net,769-955-6344,U13
456,Amanda,Mendoza,Amanda Mendoza,2013-12-18,F,Epee,12,sanchezdavid@example.org,(729)965-3856,U13
457,Chase,White,Chase White,2012-10-03,M,Epee,12,toddjamie@example.com,523-985-4438,U15
458,Michael,Henderson,Michael Henderson,2012-02-19,M,Epee,12,joshua32@example.net,001-854-777-4648x030,U15
459,Christopher,Gonzalez,Christopher Gonzalez,2011-02-03,M,Epee,12,williamsdavid@example.net,(897)922-3158x818,U15
460,Norma,Henry,Norma Henry,2012-08-30,F,Epee,12,floydheather@example.com,001-617-601-2195x83421,U15
461,Julia,Carr,Julia Carr,2012-08-11,F,Epee,12,phelpssara@example.net,355-408-2044x2339,U15
462,Stephanie,Luna,Stephanie Luna,2011-04-21,F,Epee,12,jamessmith@example.net,(942)336-6548,U15
463,Edward,Smith,Edward Smith,2010-03-01,M,Epee,12,monroelindsey@example.net,710.723.2714x378,Cadet
464,Cameron,Wright,Cameron Wright,2010-11-06,M,Epee,12,stephanie06@example.org,+1-267-272-5648,Cadet
465,Michael,Coleman,Michael Coleman,2009-11-19,M,Epee,12,hernandezjames@example.com,463-447-5816x20288,Cadet
466,Stephanie,Pierce,Stephanie Pierce,2010-10-02,F,Epee,12,michael40@example.org,209.975.7802,Cadet
467,Kelly,Gomez,Kelly Gomez,2010-01-03,F,Epee,12,bowenmegan@example.com,001-495-884-4105x9093,Cadet
468,Stephanie,Watkins,Stephanie Watkins,2009-04-04,F,Epee,12,charleswilliams@example.org,667-449-2191x79564,Cadet
469,John,Thomas,John Thomas,2006-11-30,M,Epee,12,hortonjerry@example.net,+1-840-624-3343x2378,Junior
470,Bryce,Johnson,Bryce Johnson,2008-01-05,M,Epee,12,moorepam@example.net,(343)287-5621x85729,Junior
471,Frank,Martin,Frank Martin,2008-01-09,M,Epee,12,heather12@example.com,463-410-2879x63102,Junior
472,Susan,Lewis,Susan Lewis,2007-09-03,F,Epee,12,james93@example.org,001-565-415-9506x0576,Junior
473,Laurie,Scott,Laurie Scott,2008-10-15,F,Epee,12,stephaniegarcia@example.org,410.351.0607x691,Junior
474,Jamie,Hobbs,Jamie Hobbs,2006-10-09,F,Epee,12,ashley33@example.com,(222)429-5968,Junior
475,Kevin,Stanley,Kevin Stanley,1964-06-02,M,Epee,12,hernandezmichael@example.com,927.511.3360,Senior
476,Gregory,Nelson,Gregory Nelson,1989-07-30,M,Epee,12,brandon55@example.com,4156348493,Senior
477,Timothy,Joseph MD,Timothy Joseph MD,1993-07-26,M,Epee,12,jesus20@example.com,001-813-366-5658x075,Senior
478,Karen,Robertson,Karen Robertson,1995-07-11,F,Epee,12,susanbuchanan@example.org,295.735.4671,Senior
479,Brittany,Taylor,Brittany Taylor,1963-02-16,F,Epee,12,brendariggs@example.net,(746)379-5264x711,Senior
480,Amy,King,Amy King,1983-04-21,F,Epee,12,brittanyanderson@example.net,(577)439-2647x92530,Senior
481,Craig,Brown,Craig Brown,2017-05-20,M,Sabre,13,karenrowe@example.com,233-516-6516,U11
482,Richard,Myers,Richard Myers,2016-04-29,M,Sabre,13,reginahart@example.org,+1-611-945-8270x05185,U11
483,David,Daniel,David Daniel,2018-12-05,M,Sabre,13,whutchinson@example.net,+1-444-427-1904,U11
484,Christopher,Miller,Christopher Miller,2016-05-24,M,Sabre,13,lindarose@example.net,(671)522-4143,U11
485,Donna,Williams,Donna Williams,2015-05-15,F,Sabre,13,bradley45@example.com,959-311-0303,U11
486,Amy,Butler,Amy Butler,2017-04-25,F,Sabre,13,timothycontreras@example.com,956.362.1202x28247,U11
487,Whitney,Combs,Whitney Combs,2018-03-31,F,Sabre,13,kellylewis@example.net,676-799-4785x85940,U11
488,Jean,Scott,Jean Scott,2015-12-26,F,Sabre,13,natalie57@example.net,627.275.4890,U11
489,Dan,Wheeler,Dan Wheeler,2013-11-29,M,Sabre,13,sheltoncody@example.org,742.617.1131x705,U13
490,Jacob,Chase,Jacob Chase,2014-10-10,M,Sabre,13,hubbarddaniel@example.net,663.730.1107,U13
491,Thomas,Williams,Thomas Williams,2012-12-30,M,Sabre,13,morganbrown@example.com,424.686.8561x62766,U13
492,Aaron,Jones,Aaron Jones,2014-06-25,M,Sabre,13,kcarter@example.net,(391)302-2718,U13
493,Renee,Murphy,Renee Murphy,2013-03-05,F,Sabre,13,juan59@example.com,+1-953-817-1387x61669,U13
494,Brittany,Davis,Brittany Davis,2013-02-09,F,Sabre,13,derek15@example.com,+1-791-456-5982x125,U13
495,Erika,Matthews,Erika Matthews,2013-08-07,F,Sabre,13,craigwebb@example.com,+1-500-528-1554x9378,U13
496,Karen,Lozano,Karen Lozano,2014-06-16,F,Sabre,13,zhernandez@example.org,+1-593-466-3331,U13
497,Carlos,Davis,Carlos Davis,2012-05-02,M,Sabre,13,aprillucas@example.net,570.248.4683x578,U15
498,Michael,Vance,Michael Vance,2012-10-13,M,Sabre,13,xowen@example.org,703-501-1660,U15
499,Charles,Booth,Charles Booth,2011-05-13,M,Sabre,13,jessejones@example.com,961-526-8144,U15
500,Vanessa,Jackson,Vanessa Jackson,2012-10-07,F,Sabre,13,navarrochristopher@example.com,001-981-891-6105,U15
501,Megan,White,Megan White,2012-11-29,F,Sabre,13,isaiahwalker@example.org,925.558.0885x82029,U15
502,Miss,Michelle Bradshaw,Miss Michelle Bradshaw,2011-05-15,F,Sabre,13,pwright@example.com,841-826-4173x8629,U15
503,Sean,Morgan,Sean Morgan,2009-01-08,M,Sabre,13,clayryan@example.net,2435432811,Cadet
504,Sean,Watson,Sean Watson,2009-07-14,M,Sabre,13,john48@example.org,+1-474-638-9155x33521,Cadet
505,Mark,Barajas,Mark Barajas,2009-09-24,M,Sabre,13,evansheather@example.net,+1-490-892-7912,Cadet
506,Rachel,Romero,Rachel Romero,2009-04-07,F,Sabre,13,richardvalerie@example.net,+1-807-470-3118x7528,Cadet
507,Angela,Smith,Angela Smith,2009-02-26,F,Sabre,13,boothbrenda@example.net,001-420-906-5279x764,Cadet
508,Cheryl,Walker,Cheryl Walker,2009-12-09,F,Sabre,13,dallen@example.net,+1-356-752-7984x697,Cadet
509,Andrew,Mccarty,Andrew Mccarty,2007-07-22,M,Sabre,13,ronald84@example.org,001-292-958-1879x5113,Junior
510,Parker,Byrd,Parker Byrd,2006-05-11,M,Sabre,13,camerondaniel@example.com,(626)735-3046,Junior
511,Casey,Cortez,Casey Cortez,2006-01-16,M,Sabre,13,angela94@example.org,932.381.9407,Junior
512,Ann,Hudson,Ann Hudson,2006-12-30,F,Sabre,13,christinearellano@example.org,+1-920-213-4561x919,Junior
513,Nicole,Curry,Nicole Curry,2006-05-11,F,Sabre,13,mvaughn@example.org,720-721-9255x405,Junior
514,Sarah,Lin,Sarah Lin,2008-03-30,F,Sabre,13,kelsey89@example.com,262-561-9110x5088,Junior
515,Michael,Russell DDS,Michael Russell DDS,1969-02-01,M,Sabre,13,yolson@example.org,957-631-6071x490,Senior
516,Shane,Le,Shane Le,2002-05-13,M,Sabre,13,ipatterson@example.org,959-417-2685x55985,Senior
517,John,Velez,John Velez,1977-08-06,M,Sabre,13,marissa79@example.net,001-353-682-4986x6896,Senior
518,Michelle,Randall,Michelle Randall,1978-12-03,F,Sabre,13,ricemackenzie@example.net,+1-915-468-2930,Senior
519,Christina,Davis,Christina Davis,1972-09-06,F,Sabre,13,fbyrd@example.com,308-386-2511x367,Senior
520,Rhonda,Cooper,Rhonda Cooper,1985-03-26,F,Sabre,13,joemorse@example.net,(312)850-5534,Senior
521,Dr.,Daniel Cunningham,Dr. Daniel Cunningham,2018-05-02,M,Foil,14,laurenrose@example.net,407.749.7257x890,U11
522,Andrew,Fisher,Andrew Fisher,2018-07-04,M,Foil,14,gatesgary@example.net,600.730.5758x47874,U11
523,William,Bautista,William Bautista,2017-05-21,M,Foil,14,bhale@example.com,951-378-9108x52440,U11
524,Hunter,Blair,Hunter Blair,2015-12-14,M,Foil,14,joshua93@example.org,5842812684,U11
525,Jacqueline,Hicks,Jacqueline Hicks,2016-05-02,F,Foil,14,theresa83@example.net,390-751-3590x34098,U11
526,Chelsea,Weaver,Chelsea Weaver,2015-02-23,F,Foil,14,riverastephen@example.org,(608)414-3954x48284,U11
527,Jessica,Taylor,Jessica Taylor,2017-02-25,F,Foil,14,jacksoncarolyn@example.com,+1-405-581-5121x8129,U11
528,Ms.,Tricia Bailey,Ms. Tricia Bailey,2018-04-29,F,Foil,14,arthur14@example.org,620.369.3325x44919,U11
529,Christopher,Harrison,Christopher Harrison,2014-06-08,M,Foil,14,melissaosborne@example.org,4938161527,U13
530,Michael,Castillo,Michael Castillo,2014-08-28,M,Foil,14,williamreeves@example.org,(891)591-0522x427,U13
531,Michael,Rogers,Michael Rogers,2014-05-30,M,Foil,14,tina90@example.org,(818)959-1836,U13
532,Michael,Miller,Michael Miller,2014-11-10,M,Foil,14,kimberlyreed@example.com,001-727-485-9819x9802,U13
533,Christina,Blair,Christina Blair,2013-08-23,F,Foil,14,johnpayne@example.org,2975149613,U13
534,Barbara,Blanchard,Barbara Blanchard,2013-03-24,F,Foil,14,imcdonald@example.com,(382)857-9385x87433,U13
535,Crystal,Allen,Crystal Allen,2013-11-07,F,Foil,14,christopher38@example.com,998.586.0455x4778,U13
536,Tanya,Lin,Tanya Lin,2013-08-14,F,Foil,14,jenniferwebb@example.org,574.953.0353x978,U13
537,Anthony,Lawson,Anthony Lawson,2011-03-05,M,Foil,14,vgarcia@example.org,588.284.2209x905,U15
538,David,Miller II,David Miller II,2012-04-02,M,Foil,14,susanhensley@example.org,811.925.6501,U15
539,John,Miller,John Miller,2012-10-19,M,Foil,14,johnsonchristopher@example.net,665.775.9602x30914,U15
540,Tina,Austin,Tina Austin,2011-07-16,F,Foil,14,jenna60@example.net,747-810-7866x187,U15
541,Kayla,Oneill,Kayla Oneill,2012-04-13,F,Foil,14,omar66@example.com,999.367.0851,U15
542,Molly,Rojas,Molly Rojas,2012-09-25,F,Foil,14,audrey42@example.net,(734)379-3375x3448,U15
543,Steven,Bailey,Steven Bailey,2009-05-04,M,Foil,14,hannahgross@example.net,923-500-6671,Cadet
544,Daniel,Molina,Daniel Molina,2008-12-20,M,Foil,14,millershannon@example.org,001-350-951-4508x1994,Cadet
545,Kyle,Pennington,Kyle Pennington,2009-02-15,M,Foil,14,abarton@example.com,472.900.0730x8389,Cadet
546,Tiffany,Eaton,Tiffany Eaton,2009-06-17,F,Foil,14,sarah71@example.org,753.209.8198x9022,Cadet
547,Martha,Williams,Martha Williams,2009-08-16,F,Foil,14,wandrade@example.com,8956455089,Cadet
548,Lisa,Mora,Lisa Mora,2009-02-25,F,Foil,14,robinsoncarl@example.org,+1-366-597-2375x6154,Cadet
549,Jason,Martin,Jason Martin,2008-04-30,M,Foil,14,victorvaughan@example.org,+1-694-539-8951x7456,Junior
550,Eric,Sims,Eric Sims,2007-12-29,M,Foil,14,michael62@example.org,289.574.2733,Junior
551,Michael,Carter,Michael Carter,2008-08-17,M,Foil,14,andreasloan@example.com,438-579-3107x668,Junior
552,April,Rivers MD,April Rivers MD,2006-06-06,F,Foil,14,christine82@example.net,276.811.3792,Junior
553,Angela,Salazar,Angela Salazar,2006-10-10,F,Foil,14,dgreen@example.com,924.880.4481x49645,Junior
554,Dana,Soto DDS,Dana Soto DDS,2008-01-30,F,Foil,14,fuentesamy@example.com,+1-468-689-8508x044,Junior
555,Wyatt,Meyer,Wyatt Meyer,1967-03-11,M,Foil,14,qwilliams@example.net,6144273361,Senior
556,Joshua,Shaw,Joshua Shaw,1960-01-27,M,Foil,14,josephbrown@example.com,+1-940-363-2274,Senior
557,David,Diaz,David Diaz,2000-03-11,M,Foil,14,yhaynes@example.com,7537984106,Senior
558,Ellen,Mullen,Ellen Mullen,2002-03-02,F,Foil,14,esnyder@example.com,406.914.2367,Senior
559,Amber,Williams,Amber Williams,1983-06-03,F,Foil,14,fherring@example.com,(976)734-4196x224,Senior
560,Lisa,Chan,Lisa Chan,1970-02-09,F,Foil,14,leslie29@example.net,7432940924,Senior
561,Joshua,Carroll,Joshua Carroll,2018-01-04,M,Epee,15,richardnielsen@example.com,999.913.8055,U11
562,Kyle,Martinez,Kyle Martinez,2018-08-22,M,Epee,15,ucruz@example.com,9307714472,U11
563,Tim,Martinez,Tim Martinez,2016-11-20,M,Epee,15,james70@example.net,(507)301-3885,U11
564,Christopher,Smith,Christopher Smith,2014-12-16,M,Epee,15,jcarr@example.org,840.675.8387x5326,U11
565,Amanda,Rodriguez,Amanda Rodriguez,2016-08-09,F,Epee,15,hkey@example.net,863-817-0173x81344,U11
566,Julie,Serrano,Julie Serrano,2016-04-09,F,Epee,15,shawn55@example.org,001-729-818-3559,U11
567,Mackenzie,Ortiz,Mackenzie Ortiz,2015-08-21,F,Epee,15,kristen56@example.net,9858315383,U11
568,Deborah,Bennett,Deborah Bennett,2018-12-08,F,Epee,15,whitney38@example.com,490-885-5663,U11
569,Travis,Conner,Travis Conner,2014-05-19,M,Epee,15,christopher27@example.net,458.460.1596x921,U13
570,Alexander,Jones,Alexander Jones,2013-10-22,M,Epee,15,caldwellshari@example.org,(450)491-3246x077,U13
571,Brett,Little,Brett Little,2013-04-12,M,Epee,15,thomasdaniel@example.net,001-954-318-9649x86895,U13
572,Corey,Wheeler,Corey Wheeler,2014-07-08,M,Epee,15,cdouglas@example.net,(382)472-0509x778,U13
573,Cynthia,Johnson,Cynthia Johnson,2013-06-03,F,Epee,15,pflynn@example.com,001-694-312-7198x3996,U13
574,Nicole,Carey,Nicole Carey,2014-09-13,F,Epee,15,rosejames@example.org,321-481-9958x77489,U13
575,Katie,Pitts,Katie Pitts,2013-09-11,F,Epee,15,margaret90@example.org,270.801.4333x33215,U13
576,Lauren,Martin,Lauren Martin,2013-07-15,F,Epee,15,brooke66@example.org,001-726-902-5169x7216,U13
577,Joe,Campos,Joe Campos,2011-05-08,M,Epee,15,zacharyhall@example.org,(506)760-7043x2018,U15
578,Ross,Melton,Ross Melton,2011-04-03,M,Epee,15,swu@example.org,001-271-553-5557,U15
579,David,Orozco,David Orozco,2011-08-10,M,Epee,15,krhodes@example.org,224.747.6666x77546,U15
580,Victoria,Reed,Victoria Reed,2012-08-20,F,Epee,15,aowens@example.com,001-643-666-8925x31450,U15
581,Nicole,Watkins,Nicole Watkins,2011-07-28,F,Epee,15,xward@example.org,001-416-348-5179x66194,U15
582,Tammy,Perkins,Tammy Perkins,2011-08-21,F,Epee,15,jennifer64@example.com,382.991.0952,U15
583,Steven,Pearson,Steven Pearson,2010-06-26,M,Epee,15,mpark@example.net,298.443.7126x390,Cadet
584,Richard,Carson,Richard Carson,2008-12-24,M,Epee,15,holly51@example.org,858.918.7076x5992,Cadet
585,Charles,Pennington,Charles Pennington,2009-08-22,M,Epee,15,fernandezjohn@example.net,650.445.3197x667,Cadet
586,Michele,Davis,Michele Davis,2010-09-15,F,Epee,15,douglassharp@example.org,941.398.3408x77950,Cadet
587,Tracy,Johnson,Tracy Johnson,2009-02-27,F,Epee,15,michaelbecker@example.org,755.283.2082x65592,Cadet
588,Julia,Lopez,Julia Lopez,2009-03-04,F,Epee,15,briannajones@example.com,001-247-731-5723x6918,Cadet
589,Spencer,Moore,Spencer Moore,2007-03-11,M,Epee,15,dyerpatricia@example.net,400.986.4991x283,Junior
590,Chad,Jimenez,Chad Jimenez,2007-01-08,M,Epee,15,fnguyen@example.org,823-470-5042x5217,Junior
591,Andrew,Baker,Andrew Baker,2008-06-30,M,Epee,15,kerryreeves@example.org,972.228.0372,Junior
592,Nancy,Carr,Nancy Carr,2008-04-03,F,Epee,15,aprillindsey@example.org,+1-336-837-6347x85826,Junior
593,Amanda,Hall,Amanda Hall,2006-09-22,F,Epee,15,randyallen@example.net,265.710.6788,Junior
594,Michelle,Anderson,Michelle Anderson,2006-12-07,F,Epee,15,rossdavid@example.org,476.266.1125x1894,Junior
595,Justin,Padilla,Justin Padilla,2004-08-05,M,Epee,15,rachel54@example.net,943.572.9358x7050,Senior
596,William,Williams,William Williams,2002-01-11,M,Epee,15,charles44@example.org,001-329-399-8380,Senior
597,Jerry,Moody,Jerry Moody,1989-02-01,M,Epee,15,crystal13@example.net,541-219-4061,Senior
598,Amanda,Finley,Amanda Finley,1973-09-08,F,Epee,15,ashlee48@example.org,+1-201-847-7248x784,Senior
599,Heather,Castillo,Heather Castillo,1963-09-17,F,Epee,15,danielleprice@example.org,3158885470,Senior
600,Tracy,Dougherty,Tracy Dougherty,1976-11-15,F,Epee,15,robertsondana@example.org,(763)743-2304x32355,Senior
