,fencer_id,first_name,last_name,dob,gender,weapon,club_id
0,70196,Joseph,Barber,1981-11-03,1,Foil,Club_4
1,54354,Marc,Velasquez,1987-10-02,1,Foil,Club_4
2,20871,Christine,Ryan,1988-09-20,0,Epee,Club_2
3,25999,Nicole,Bowers,1985-09-01,0,Foil,Club_2
4,23810,Darren,Martin,1996-03-30,1,Foil,Club_2
5,75504,Toni,Nelson,1980-06-12,0,Sabre,Club_2
6,44425,Nicole,Hanson,1985-06-26,0,Epee,Club_2
7,91906,Victor,Nelson,1990-09-15,1,Sabre,Club_1
8,10123,Erica,Kelly,1965-12-11,0,Foil,Club_1
9,7528,Daniel,Vazquez,2006-09-15,1,Foil,Club_3
10,7446,Alan,Chavez,1977-04-11,1,Epee,Club_4
11,81406,Tiffany,Richard,2007-01-07,0,Sabre,Club_2
12,37543,Danielle,Ibarra,1987-10-27,0,Foil,Club_1
13,28501,Teresa,Murray,1973-09-09,0,Sabre,Club_1
14,38190,Michael,Torres,1966-01-02,1,Epee,Club_3
15,80535,Erika,Lee,2009-03-05,0,Foil,Club_1
16,10902,Matthew,Holland,1976-11-06,1,Foil,Club_2
17,42635,Cynthia,Vang,2008-01-05,0,Sabre,Club_3
18,29870,Brian,Blankenship,1983-01-18,1,Sabre,Club_2
19,41025,Elizabeth,Johnson,1997-10-02,0,Foil,Club_4
20,30188,Dawn,Johnson,2013-05-18,0,Foil,Club_2
21,51063,Steven,Duran,2012-11-17,1,Epee,Club_2
22,35019,Dustin,Franco,2013-09-04,1,Epee,Club_2
23,46646,Stephanie,Evans,1985-12-21,0,Foil,Club_1
24,86501,Thomas,Miller,1986-11-20,1,Sabre,Club_2
25,93055,Cynthia,Flores,1981-01-12,0,Foil,Club_3
26,32358,Valerie,Baker,1981-12-16,0,Foil,Club_5
27,54438,Cameron,Rodriguez,1982-08-09,1,Foil,Club_3
28,53219,Alyssa,Woods,1970-08-05,0,Epee,Club_2
29,14402,Brett,Cox,1977-08-09,1,Foil,Club_2
30,91266,Adrian,Collier,1984-08-27,1,Foil,Club_1
31,14789,Bobby,Richardson,1999-03-01,1,Foil,Club_5
32,75934,Ronald,Robertson,1985-03-25,1,Sabre,Club_1
33,67879,Sarah,Blevins,2011-11-06,0,Sabre,Club_2
34,5878,Michele,Evans,1982-12-08,0,Epee,Club_2
35,83122,Susan,Villanueva,1968-09-16,0,Sabre,Club_2
36,45768,Caitlyn,Garcia,1984-03-26,0,Epee,Club_4
37,48237,Kimberly,Mendez,1983-01-03,0,Epee,Club_3
38,10419,Vanessa,Harper,1995-11-26,0,Epee,Club_2
39,49908,Isaiah,Ruiz,1993-11-21,1,Sabre,Club_3
40,2728,Lindsay,Campbell,1995-11-20,0,Foil,Club_4
41,83359,Jennifer,Willis,1990-11-02,0,Foil,Club_4
42,52631,Rhonda,Wilson,2001-12-05,0,Foil,Club_4
43,62390,Charles,Schwartz,2001-10-11,1,Epee,Club_2
44,28992,Terry,Wagner,2006-10-03,1,Foil,Club_2
45,57723,Robert,Lambert,1974-07-30,1,Sabre,Club_5
46,22968,Rhonda,Washington,2005-11-27,0,Epee,Club_5
47,6958,Hayden,Stafford,2000-06-07,1,Sabre,Club_4
48,77907,Melissa,James,1989-07-03,0,Epee,Club_1
49,12809,Timothy,Vaughn,2001-03-11,1,Foil,Club_2
50,23637,Mark,Craig,1974-03-25,1,Foil,Club_4
51,89891,Javier,Hamilton,1992-09-24,1,Foil,Club_4
52,90758,Michael,Johns,2000-08-10,1,Foil,Club_5
53,9663,Tasha,Bailey,1978-09-10,0,Sabre,Club_5
54,57045,Christopher,Hall,2009-07-08,1,Epee,Club_3
55,59839,Felicia,Robinson,1974-10-03,0,Sabre,Club_4
56,19582,John,Harris,1981-04-15,1,Epee,Club_4
57,47080,Nicole,Green,2005-02-11,0,Foil,Club_5
58,76794,Megan,Jones,1988-11-04,0,Foil,Club_2
59,95573,Debbie,Cook,1992-06-14,0,Sabre,Club_3
60,52191,John,Hernandez,1979-05-03,1,Epee,Club_5
61,26237,Shane,Curtis,2003-11-24,1,Foil,Club_4
62,1647,Amber,Cordova,2007-01-17,0,Foil,Club_3
63,37832,Ian,Knight,2000-05-01,1,Sabre,Club_5
64,24540,Anthony,Bailey,1973-04-02,1,Sabre,Club_4
65,64186,Kathleen,Morton,1970-10-30,0,Epee,Club_4
66,58719,Karen,Kelly,1980-05-02,0,Sabre,Club_4
67,56172,Erik,Clark,2002-05-23,1,Sabre,Club_4
68,89663,Frank,Lopez,1977-06-23,1,Foil,Club_4
69,94298,Julie,Garcia,2012-06-21,0,Epee,Club_4
70,171,Maureen,Randall,1965-12-23,0,Epee,Club_3
71,97441,Michael,Farley,1966-09-30,1,Epee,Club_2
72,840,Sara,Dunn,1986-06-01,0,Sabre,Club_1
73,76833,Lori,Ortiz,2005-05-31,0,Epee,Club_4
74,95981,Diane,Nunez,1971-11-07,0,Epee,Club_3
75,42402,Scott,Page,2002-11-21,1,Foil,Club_1
76,64173,Erin,Bullock,1981-11-02,0,Sabre,Club_5
77,29373,Mr.,Eric,2010-11-02,1,Sabre,Club_2
78,32625,Thomas,Nichols,1987-09-04,1,Foil,Club_3
79,31503,Lauren,Harrington,1972-01-07,0,Epee,Club_3
80,46559,Joseph,Winters,1970-10-01,1,Foil,Club_2
81,38393,Erik,Ross,1983-12-08,1,Sabre,Club_2
82,69616,Mrs.,Alexandra,1970-07-29,0,Epee,Club_3
83,52433,Shawn,Hall,1978-08-28,1,Sabre,Club_3
84,82394,Rebecca,Lawson,1997-02-05,0,Foil,Club_4
85,12704,Tiffany,Dodson,1981-11-19,0,Sabre,Club_2
86,69429,Juan,Evans,2007-03-20,1,Sabre,Club_3
87,31542,Anna,Jackson,1990-04-27,0,Sabre,Club_1
88,80870,James,Robles,2004-07-22,1,Epee,Club_4
89,87253,Amanda,Miles,1989-03-26,0,Sabre,Club_2
90,94501,Cody,Olson,1992-03-10,1,Epee,Club_3
91,88120,Joshua,Walker,2002-07-18,1,Sabre,Club_2
92,4518,Dennis,Hebert,1979-02-13,1,Epee,Club_4
93,86937,Jonathan,Jordan,1995-06-30,1,Sabre,Club_2
94,60930,Nicholas,Johnson,2013-02-22,1,Sabre,Club_4
95,24703,Maureen,Blackwell,1992-12-24,0,Foil,Club_3
96,91491,Scott,Perry,1990-02-21,1,Sabre,Club_3
97,69384,Timothy,Cruz,1991-04-20,1,Foil,Club_4
98,61217,Larry,Grant,1990-02-23,1,Foil,Club_3
99,99931,Debra,Allen,1998-02-03,0,Epee,Club_4
100,52874,Lisa,Wallace,2003-06-06,0,Epee,Club_5
101,78864,Angela,Cooper,1982-02-25,0,Epee,Club_2
102,82256,Mark,James,2012-05-27,1,Sabre,Club_2
103,15080,April,Jones,1984-06-21,0,Foil,Club_4
104,78646,Kaitlin,Newton,2002-03-03,0,Sabre,Club_1
105,40036,Mrs.,Pamela,1995-03-17,0,Sabre,Club_5
106,7949,Angel,Coffey,1974-06-18,1,Foil,Club_3
107,32462,Andrew,Martinez,2004-08-25,1,Epee,Club_1
108,14533,Kelly,Serrano,1979-10-11,0,Foil,Club_1
109,8023,Mallory,Rose,1974-10-30,0,Epee,Club_4
110,17139,Sarah,Tucker,1975-01-27,0,Epee,Club_5
111,94083,Brian,Delacruz,1995-12-12,1,Foil,Club_5
112,67673,April,Blankenship,1975-03-20,0,Epee,Club_1
113,32559,John,Diaz,2001-08-08,1,Epee,Club_1
114,5564,Brian,Williams,2007-07-24,1,Sabre,Club_5
115,77535,Amanda,Johnson,2012-05-12,0,Sabre,Club_2
116,83938,Marcia,Underwood,1967-08-05,0,Epee,Club_1
117,53319,Michael,Pierce,2006-05-01,1,Epee,Club_1
118,59825,Michelle,Garcia,1982-02-08,0,Epee,Club_1
119,4620,Aaron,Maddox,1967-03-19,1,Foil,Club_5
120,89664,Gina,Meyers,1981-03-15,0,Sabre,Club_1
121,53277,Joanna,Gordon,1981-07-29,0,Epee,Club_5
122,83427,Nichole,Lane,1977-05-11,0,Sabre,Club_2
123,76748,Kimberly,Contreras,2013-01-15,0,Foil,Club_5
124,70786,Lucas,Brown,1998-07-01,1,Sabre,Club_4
125,77560,Cynthia,Franklin,1988-12-06,0,Epee,Club_1
126,20123,Christine,Bentley,1976-07-15,0,Epee,Club_4
127,1281,Lucas,Chavez,1983-12-30,1,Sabre,Club_1
128,31473,Albert,Chen,1966-08-08,1,Sabre,Club_1
129,34833,Eric,Hood,1987-07-07,1,Epee,Club_1
130,20868,Dawn,Jones,1990-01-27,0,Sabre,Club_5
131,49414,Nicholas,Cole,1978-03-19,1,Foil,Club_2
132,57376,Susan,Miller,1986-09-06,0,Epee,Club_4
133,22082,Richard,Joyce,1980-03-25,1,Epee,Club_2
134,38325,Carol,Schultz,1993-12-18,0,Epee,Club_5
135,94963,Richard,Martin,1993-10-30,1,Foil,Club_4
136,3230,Denise,Delgado,1973-08-15,0,Foil,Club_4
137,37722,Ryan,Norman,1978-04-06,1,Epee,Club_4
138,5890,Cameron,Hughes,1971-05-20,1,Sabre,Club_5
139,96535,Melissa,Wilkins,1987-10-17,0,Foil,Club_1
140,58964,Heather,Levy,2009-04-20,0,Epee,Club_3
141,43153,Matthew,Tran,2003-08-29,1,Epee,Club_1
142,66308,Lori,Mora,1972-08-07,0,Foil,Club_1
143,24705,Patrick,Butler,1988-04-16,1,Epee,Club_3
144,9575,Mr.,Matthew,2008-07-09,1,Sabre,Club_1
145,55145,Peter,Johnston,1997-10-20,1,Foil,Club_1
146,32320,Terry,Jones,1994-07-14,1,Epee,Club_1
147,74279,Abigail,Martinez,2005-01-12,0,Sabre,Club_2
148,50159,Sheila,Jackson,2000-11-15,0,Sabre,Club_3
149,75337,Kathleen,Hawkins,1986-07-07,0,Sabre,Club_4
150,39927,Tammy,Combs,1986-11-29,0,Foil,Club_5
151,74518,Jacqueline,Williams,1999-10-18,0,Foil,Club_3
152,51180,Kelly,Anderson,2006-02-02,0,Sabre,Club_2
153,98842,Erin,Rodriguez,1999-04-21,0,Epee,Club_2
154,84896,Mallory,Mcgee,1996-05-25,0,Epee,Club_4
155,73953,John,Collins,1994-08-22,1,Foil,Club_3
156,80046,Dorothy,Gilbert,2003-11-17,0,Epee,Club_4
157,80215,Andrew,Guzman,1971-08-06,1,Foil,Club_2
158,91420,Cindy,Young,1972-06-08,0,Foil,Club_5
159,64900,James,Hart,1975-02-07,1,Foil,Club_4
160,822,Robert,Herrera,1998-01-12,1,Sabre,Club_3
161,71947,Caitlin,Burke,1977-08-09,0,Sabre,Club_1
162,75054,Michael,Gonzales,1985-06-06,1,Epee,Club_2
163,6178,Robert,Bridges,2005-03-12,1,Sabre,Club_5
164,27975,Thomas,Robertson,1978-07-03,1,Foil,Club_3
165,23828,Crystal,Allen,2010-03-19,0,Epee,Club_2
166,54904,Jeremy,Reid,2012-12-12,1,Sabre,Club_1
167,1531,Edward,Allen,1983-11-28,1,Epee,Club_5
168,24725,Sandra,Weeks,2005-12-31,0,Foil,Club_4
169,31389,Joyce,Walker,1999-02-10,0,Epee,Club_2
170,83970,Andrea,Armstrong,1971-01-28,0,Sabre,Club_2
171,39955,Taylor,Dawson,2012-08-30,0,Epee,Club_5
172,91612,Dawn,Yu,2006-10-23,0,Epee,Club_4
173,35849,Brittany,Baxter,1987-07-14,0,Sabre,Club_5
174,19891,Lisa,Weaver,1980-02-26,0,Foil,Club_3
175,70876,Erica,Palmer,2003-08-05,0,Sabre,Club_1
176,94574,Linda,Brewer,1992-02-04,0,Foil,Club_5
177,95061,Jeremy,Bright,2007-09-25,1,Epee,Club_4
178,34528,Joshua,Garcia,2009-04-19,1,Epee,Club_3
179,49768,Gregory,Soto,1974-06-08,1,Sabre,Club_3
180,16181,Edward,Vaughan,2000-10-22,1,Foil,Club_5
181,21629,Anthony,Hensley,2005-10-16,1,Epee,Club_5
182,13339,Jessica,Sosa,2002-07-02,0,Epee,Club_5
183,52168,Valerie,Reeves,1996-10-13,0,Foil,Club_3
184,2989,James,Phillips,1966-09-04,1,Epee,Club_4
185,17902,Matthew,Gonzalez,1976-03-20,1,Foil,Club_4
186,28247,Monica,Cooper,2005-12-18,0,Sabre,Club_1
187,81440,Lauren,Zimmerman,1986-01-25,0,Foil,Club_5
188,74827,Susan,Lopez,1968-02-08,0,Sabre,Club_2
189,69778,Destiny,Nguyen,1967-04-20,0,Foil,Club_4
190,41048,Mary,Nichols,1985-10-10,0,Foil,Club_5
191,23548,Jennifer,Chandler,2008-01-25,0,Foil,Club_4
192,45265,Michael,Green,1989-02-22,1,Foil,Club_5
193,96987,Christopher,Mendez,1967-02-26,1,Foil,Club_3
194,46291,Mr.,Hector,1974-12-17,1,Foil,Club_1
195,1614,Samuel,Nelson,1991-09-06,1,Foil,Club_3
196,62013,Melissa,Martinez,1998-06-09,0,Epee,Club_3
197,10559,David,Mcdonald,1979-05-13,1,Sabre,Club_3
198,13534,Kayla,Hughes,1999-09-16,0,Foil,Club_2
199,24321,Sue,Copeland,1983-01-08,0,Sabre,Club_1
200,5936,Matthew,Dunn,1995-11-26,1,Foil,Club_4
201,25343,Jason,Ingram,1968-05-05,1,Foil,Club_1
202,11425,Cindy,Underwood,1968-07-15,0,Sabre,Club_2
203,26637,Michael,Walker,1969-03-28,1,Sabre,Club_5
204,91457,Mark,Coleman,1971-06-08,1,Epee,Club_1
205,62666,Hannah,Anderson,2008-01-03,0,Foil,Club_5
206,93891,Christopher,Silva,2006-08-30,1,Epee,Club_5
207,65098,Carol,Keith,1974-10-01,0,Epee,Club_5
208,20757,Daniel,Wagner,1987-06-12,1,Foil,Club_4
209,52896,Craig,Rice,1986-12-09,1,Epee,Club_1
210,3743,Corey,Shaw,1997-09-17,1,Epee,Club_4
211,45222,Shane,Murphy,1976-01-29,1,Sabre,Club_1
212,46972,Alejandro,Salazar,1973-12-24,1,Sabre,Club_4
213,87184,Gregory,Lyons,2001-04-30,1,Epee,Club_2
214,13616,Elizabeth,Hoffman,2006-11-21,0,Sabre,Club_1
215,4526,Meghan,Ruiz,1988-11-12,0,Sabre,Club_2
216,3057,Jennifer,Mcgrath,1989-12-06,0,Foil,Club_2
217,90053,Marie,Melendez,1986-09-12,0,Epee,Club_1
218,2035,Jesus,Williamson,1976-01-27,1,Foil,Club_3
219,93108,Jill,Padilla,2012-02-25,0,Foil,Club_5
220,4244,Megan,Garcia,2008-08-03,0,Sabre,Club_5
221,73946,Cassidy,Matthews,1972-02-03,0,Foil,Club_1
222,37529,Danielle,Reed,1981-06-30,0,Epee,Club_1
223,59416,Curtis,Moreno,1986-11-01,1,Sabre,Club_3
224,50009,Brittany,Kelly,1972-02-11,0,Sabre,Club_1
225,86952,Joel,Phillips,1985-07-28,1,Foil,Club_2
226,25161,Linda,Hicks,1970-04-01,0,Sabre,Club_2
227,18575,Daniel,Evans,2004-12-05,1,Sabre,Club_2
228,88080,Ronald,Ortiz,1988-11-14,1,Sabre,Club_3
229,18766,Allison,Kane,1990-04-14,0,Sabre,Club_4
230,6475,Lisa,Strong,1987-03-24,0,Sabre,Club_2
231,98227,Theresa,Taylor,1993-05-31,0,Foil,Club_5
232,73903,Jessica,Gallegos,1976-06-23,0,Epee,Club_4
233,74412,Stephanie,Wade,1968-06-02,0,Sabre,Club_2
234,95653,Julie,Thompson,2000-01-23,0,Epee,Club_4
235,36095,Nicholas,Cooper,1983-10-02,1,Epee,Club_3
236,90059,Hailey,Martin,2001-09-10,0,Foil,Club_4
237,81834,Natalie,Maldonado,1997-01-23,0,Epee,Club_1
238,12404,Bethany,Mcdaniel,1967-02-19,0,Epee,Club_5
239,89240,Anthony,Sandoval,1981-07-21,1,Sabre,Club_4
240,3638,Melissa,Martin,1996-11-09,0,Sabre,Club_2
241,84739,Jennifer,Brown,2011-08-27,0,Sabre,Club_5
242,7532,Sandra,King,1970-10-30,0,Epee,Club_4
243,2334,Alan,Hughes,1981-12-25,1,Sabre,Club_3
244,5780,Kenneth,Thompson,1987-04-01,1,Epee,Club_3
245,64718,Jeffrey,Peterson,1997-01-20,1,Sabre,Club_2
246,69311,Daniel,Diaz,2005-07-08,1,Epee,Club_2
247,54267,Frank,Barton,2003-08-25,1,Sabre,Club_4
248,12754,Michele,Gilbert,1969-05-24,0,Sabre,Club_4
249,89113,Daniel,Little,1966-12-28,1,Sabre,Club_1
250,21659,Madison,Long,1999-03-28,0,Foil,Club_4
251,4801,Laura,Davis,1984-08-31,0,Foil,Club_5
252,67042,Logan,Bonilla,1995-01-25,1,Epee,Club_4
253,56745,Cathy,Gilbert,1981-05-09,0,Sabre,Club_1
254,10417,Joseph,Conley,1974-10-18,1,Epee,Club_3
255,20731,Mr.,Anthony,1970-03-02,1,Epee,Club_1
256,16066,John,Rios,2002-04-04,1,Epee,Club_2
257,39368,Margaret,Bartlett,1995-06-13,0,Sabre,Club_1
258,36056,Joyce,Phillips,1974-03-14,0,Sabre,Club_3
259,26154,Jessica,Herrera,1999-09-13,0,Sabre,Club_5
260,22067,Christopher,French,2008-11-12,1,Epee,Club_3
261,93761,Juan,Nixon,1983-12-17,1,Foil,Club_2
262,38170,Dalton,Elliott,1969-08-29,1,Foil,Club_2
263,35031,Kimberly,Gilbert,1981-09-10,0,Epee,Club_2
264,98603,Tiffany,Jones,2007-01-06,0,Sabre,Club_1
265,92359,Tammy,Hudson,1966-01-06,0,Epee,Club_3
266,17214,Adam,Watts,1998-07-13,1,Epee,Club_4
267,3583,Tracy,Thomas,1974-07-21,0,Epee,Club_2
268,63624,Kimberly,Davis,1983-09-06,0,Foil,Club_4
269,35855,Gabriel,Torres,1973-04-29,1,Epee,Club_4
270,85959,Elizabeth,Barnes,1998-08-20,0,Epee,Club_4
271,1992,Jeffery,Thomas,1969-11-11,1,Foil,Club_1
272,45027,Sharon,Garcia,2002-01-07,0,Foil,Club_3
273,44165,Heather,Dawson,1990-10-23,0,Epee,Club_2
274,42589,Travis,Arroyo,1971-08-07,1,Sabre,Club_5
275,79061,Brianna,Sullivan,2005-07-30,0,Sabre,Club_1
276,58498,Jennifer,Jones,2005-10-05,0,Foil,Club_2
277,44825,Travis,Mccarty,1972-12-25,1,Epee,Club_5
278,19081,Antonio,Wong,1999-01-23,1,Sabre,Club_4
279,76138,Meredith,Wiley,1978-04-10,0,Foil,Club_3
280,57917,Brandy,Adams,1994-11-22,0,Sabre,Club_1
281,52562,Daniel,Reid,1997-03-25,1,Foil,Club_4
282,81733,Amanda,Archer,2009-06-17,0,Foil,Club_4
283,16673,Patrick,Beck,1987-05-13,1,Epee,Club_5
284,67865,Anthony,Smith,1986-09-09,1,Sabre,Club_1
285,63881,Brian,Gaines,1970-05-09,1,Foil,Club_2
286,57876,Luis,Snyder,1975-09-24,1,Epee,Club_4
287,58303,Shane,Manning,1967-03-16,1,Foil,Club_2
288,69052,Susan,Walters,1990-09-02,0,Sabre,Club_4
289,36616,April,Martinez,1980-10-08,0,Epee,Club_2
290,77888,Cathy,Dunlap,2013-02-17,0,Foil,Club_5
291,63412,Anthony,Mccormick,1980-06-24,1,Epee,Club_3
292,55706,Michelle,Graham,1984-04-22,0,Epee,Club_3
293,85350,Travis,Snyder,1999-11-30,1,Epee,Club_2
294,62963,Christopher,Villarreal,1985-06-15,1,Sabre,Club_5
295,57353,Andrew,Gonzales,2013-11-10,1,Sabre,Club_1
296,34372,Kyle,Martinez,1972-11-11,1,Sabre,Club_2
297,46353,Daniel,Fernandez,1986-02-21,1,Sabre,Club_3
298,24144,Paul,Patterson,2012-10-04,1,Foil,Club_2
299,67275,Wendy,Freeman,1967-05-28,0,Epee,Club_3
300,8628,Audrey,Odonnell,2003-03-08,0,Foil,Club_5
301,26966,Calvin,Charles,1990-07-10,1,Epee,Club_3
302,83275,Jaime,Taylor,2010-07-31,0,Sabre,Club_5
303,87565,John,Liu,1972-08-04,1,Sabre,Club_3
304,62378,Angel,Acevedo,1991-11-13,0,Epee,Club_5
305,83377,Sarah,Davidson,1996-09-01,0,Epee,Club_2
306,12655,Mike,Taylor,1981-07-16,1,Sabre,Club_2
307,21661,Sarah,Romero,1966-02-11,0,Epee,Club_5
308,40159,Gary,Garcia,1979-11-26,1,Epee,Club_3
309,9688,Michael,Harris,1978-07-12,1,Sabre,Club_5
310,3951,Randy,Matthews,1994-02-16,1,Sabre,Club_5
311,6429,Vanessa,Williams,2003-10-11,0,Foil,Club_1
312,49081,Olivia,Ward,2002-01-06,0,Epee,Club_2
313,22313,Joseph,Ford,1975-06-13,1,Epee,Club_4
314,50024,Mary,Edwards,1980-06-02,0,Foil,Club_2
315,74692,Derek,Stevens,2009-02-05,1,Sabre,Club_2
316,80909,Anthony,White,1986-01-24,1,Sabre,Club_2
317,32491,Margaret,Williamson,1969-12-23,0,Foil,Club_4
318,97335,Matthew,Martinez,2013-06-22,1,Foil,Club_4
319,51835,Micheal,Brown,2009-04-14,1,Sabre,Club_3
320,85024,Joseph,Lewis,2000-06-25,1,Epee,Club_3
321,84463,Mr.,Trevor,2001-01-18,1,Sabre,Club_4
322,14050,April,Clark,1968-10-05,0,Foil,Club_3
323,46604,Karen,Cabrera,1986-10-09,0,Sabre,Club_4
324,13442,Laura,Cooley,1975-12-09,0,Foil,Club_2
325,9143,Sheila,Jones,1978-12-27,0,Sabre,Club_1
326,54963,Emily,Baker,1993-01-22,0,Epee,Club_2
327,65649,Jamie,Matthews,1979-12-26,0,Foil,Club_2
328,98617,Bianca,Clarke,1991-12-12,0,Sabre,Club_4
329,51635,Peter,Rasmussen,1972-07-06,1,Foil,Club_1
330,28712,Tyler,Brooks,2011-07-08,1,Foil,Club_3
331,99684,Brian,Dean,1993-11-24,1,Sabre,Club_5
332,45416,Michael,Rogers,1978-04-07,1,Sabre,Club_1
333,49544,Laura,Patel,2003-09-28,0,Epee,Club_3
334,8832,Steven,Garcia,1971-07-05,1,Foil,Club_5
335,4523,Lauren,Chan,1992-04-15,0,Epee,Club_3
336,45866,Amy,Stephenson,1983-07-29,0,Epee,Club_1
337,91957,Amy,Schmidt,1969-09-14,0,Epee,Club_1
338,16028,Lisa,Davis,1996-12-08,0,Foil,Club_5
339,23642,Dennis,Hopkins,1995-04-12,1,Sabre,Club_1
340,57735,Stacy,Singh,1975-04-22,0,Foil,Club_3
341,52117,Erin,Williams,1999-07-08,0,Epee,Club_5
342,35737,Ann,Perry,2000-06-22,0,Sabre,Club_5
343,39193,Scott,Perez,1994-11-21,1,Epee,Club_1
344,18837,Kyle,Torres,1998-06-30,1,Epee,Club_1
345,90899,Kevin,Benton,2010-05-21,1,Foil,Club_1
346,70526,Jose,Manning,2008-03-04,1,Sabre,Club_3
347,93356,Vanessa,James,1988-01-11,0,Sabre,Club_5
348,10078,Dana,Miller,1967-12-29,0,Foil,Club_2
349,92368,Robert,Reeves,1976-08-29,1,Foil,Club_5
350,52009,Vicki,Daniel,2001-09-23,0,Sabre,Club_3
351,21647,Kenneth,Camacho,2004-10-15,1,Epee,Club_1
352,26657,Blake,Bates,1999-08-31,1,Epee,Club_1
353,70453,Rachel,Meyer,2008-12-27,0,Epee,Club_5
354,4456,Beth,Palmer,1984-05-06,0,Foil,Club_5
355,69952,Anna,Henson,1977-07-10,0,Epee,Club_2
356,56210,Michelle,Murphy,2006-03-15,0,Foil,Club_2
357,31031,Richard,Henderson,1974-05-13,1,Epee,Club_5
358,53136,Christopher,Porter,1983-02-06,1,Foil,Club_2
359,84136,Brittany,Hoffman,2003-04-25,0,Epee,Club_3
360,73653,Tina,Clark,1987-08-05,0,Epee,Club_2
361,82553,Dean,Martin,1990-12-01,1,Epee,Club_5
362,63670,Jason,Martinez,2009-01-26,1,Sabre,Club_2
363,49297,Wendy,Solis,1979-09-27,0,Sabre,Club_4
364,68427,Stephanie,Cunningham,1968-03-26,0,Sabre,Club_3
365,83356,Ashley,Wong,1971-03-23,0,Sabre,Club_4
366,92501,April,Salas,2002-04-03,0,Foil,Club_2
367,46791,Angela,Taylor,1970-09-29,0,Sabre,Club_4
368,57212,Lisa,Wilson,1981-09-08,0,Foil,Club_5
369,77197,Deborah,Potts,1969-08-26,0,Sabre,Club_5
370,65001,Andrew,Simmons,1979-10-17,1,Foil,Club_3
371,68074,Michael,Davis,1968-11-10,1,Epee,Club_3
372,70508,Ms.,Heidi,1976-01-13,0,Sabre,Club_2
373,93278,Tanya,Rodriguez,1992-04-05,0,Foil,Club_1
374,55687,Richard,Glenn,2009-06-02,1,Foil,Club_4
375,38520,Jennifer,Valentine,1970-09-12,0,Sabre,Club_3
376,70250,Sean,Hartman,1997-01-01,1,Sabre,Club_4
377,51105,Gregory,Moore,1994-03-17,1,Sabre,Club_1
378,59806,Cathy,Chapman,1983-12-12,0,Sabre,Club_1
379,41634,Jason,Grimes,1996-10-12,1,Foil,Club_3
380,44922,Nichole,Martinez,2009-09-03,0,Foil,Club_4
381,4150,Harry,Austin,1985-08-06,1,Sabre,Club_1
382,51676,Kevin,Dixon,1982-09-27,1,Sabre,Club_4
383,18956,Brian,Dennis,1979-12-15,1,Sabre,Club_4
384,67272,Deborah,Ferrell,1966-12-16,0,Epee,Club_4
385,97161,Jessica,Griffin,1973-07-16,0,Epee,Club_2
386,67570,Anthony,Duffy,1982-11-27,1,Epee,Club_3
387,49028,Janet,Perez,2000-09-15,0,Sabre,Club_3
388,54831,Rose,Reese,1986-07-03,0,Epee,Club_5
389,3773,Kimberly,Dunn,1968-01-31,0,Sabre,Club_1
390,8333,Brenda,Estrada,1982-03-14,0,Sabre,Club_5
391,50518,Richard,Smith,2005-08-16,1,Foil,Club_4
392,52698,Heather,James,1965-12-31,0,Foil,Club_3
393,23285,Larry,Hogan,1987-10-01,1,Foil,Club_1
394,13219,Christopher,Lopez,2007-01-05,1,Foil,Club_1
395,1570,Abigail,Boyd,1981-07-17,0,Epee,Club_3
396,97338,Amanda,Lambert,2006-09-06,0,Epee,Club_3
397,48291,Mark,Howard,1995-06-30,1,Foil,Club_1
398,27516,Adam,Arellano,1988-03-29,1,Epee,Club_3
399,1615,Darryl,Evans,1993-07-27,1,Sabre,Club_4
400,7550,Christopher,Harris,2003-05-19,1,Sabre,Club_1
401,76371,Cassandra,Case,1971-08-22,0,Foil,Club_1
402,38719,Kelly,Johnson,1998-04-28,0,Epee,Club_1
403,14907,Ian,Mcknight,1981-04-25,1,Sabre,Club_5
404,23725,Jodi,Curtis,2010-09-03,0,Epee,Club_3
405,99614,David,Baker,1972-03-12,1,Sabre,Club_5
406,70080,Janet,Lopez,2003-06-28,0,Epee,Club_1
407,19127,David,Sanders,1994-04-03,1,Epee,Club_4
408,80009,Heather,Clark,2007-05-21,0,Epee,Club_3
409,2986,Robin,Montgomery,1995-06-24,0,Epee,Club_4
410,39462,Jennifer,Donaldson,1968-06-28,0,Epee,Club_3
411,75232,Jonathan,Gilbert,1996-08-02,1,Epee,Club_5
412,31535,Angelica,Wells,1999-02-03,0,Foil,Club_4
413,62631,Stephanie,Hunter,2013-09-28,0,Foil,Club_5
414,54866,Eric,Noble,1998-11-01,1,Epee,Club_3
415,12522,Kendra,Hickman,1997-11-18,0,Sabre,Club_2
416,15530,Patrick,Jenkins,1973-04-15,1,Sabre,Club_4
417,86625,Anna,Washington,1991-01-27,0,Sabre,Club_1
418,36622,Deanna,Lawrence,1987-01-23,0,Foil,Club_1
419,18454,Cheryl,Williams,1983-11-03,0,Epee,Club_4
420,30925,Kathryn,Pratt,1969-10-08,0,Foil,Club_3
421,38174,Heather,Thomas,1971-06-20,0,Sabre,Club_4
422,42399,Kelly,Douglas,1980-09-01,0,Foil,Club_1
423,22386,Tamara,Wilson,2010-10-11,0,Epee,Club_4
424,13631,Lawrence,Gomez,2004-11-04,1,Foil,Club_2
425,39339,Kurt,Jones,1985-12-31,1,Epee,Club_1
426,52758,Charles,Ramirez,2011-06-12,1,Sabre,Club_4
427,27134,Sabrina,Farmer,1985-11-14,0,Epee,Club_4
428,18655,Mackenzie,Smith,1993-01-28,0,Epee,Club_3
429,70767,James,Harrison,1996-03-16,1,Sabre,Club_2
430,85334,Lydia,Dixon,1978-06-08,0,Foil,Club_2
431,86866,Ryan,Morgan,1973-05-13,1,Sabre,Club_5
432,94948,Heather,Moore,1971-09-13,0,Epee,Club_5
433,33228,Charles,Marshall,2008-10-11,1,Epee,Club_3
434,78851,Alicia,Smith,2006-01-30,0,Sabre,Club_5
435,4921,Shannon,Thomas,1980-11-05,0,Foil,Club_5
436,35571,Leslie,Owens,1996-08-18,1,Sabre,Club_1
437,62549,Jeremiah,Medina,2007-10-30,1,Sabre,Club_2
438,61709,Louis,Walter,1969-04-14,1,Sabre,Club_5
439,25038,Holly,Hall,1976-05-10,0,Epee,Club_1
440,68935,Andrea,Parsons,1998-02-12,0,Foil,Club_3
441,73402,Timothy,Allen,1969-10-22,1,Sabre,Club_2
442,44546,Jill,Spencer,1994-06-28,0,Sabre,Club_5
443,68236,Robin,Rogers,1977-04-29,0,Foil,Club_2
444,90960,Amy,Jackson,2008-01-16,0,Sabre,Club_2
445,11832,Robert,Romero,1980-02-27,1,Epee,Club_1
446,37497,Kathleen,Burke,2000-07-16,0,Epee,Club_2
447,90094,Andrew,Davis,1971-01-05,1,Sabre,Club_4
448,92592,Michael,Campbell,1984-08-13,1,Epee,Club_1
449,7624,Robert,Kane,1994-12-11,1,Sabre,Club_2
450,35810,Brian,Santos,1999-08-14,1,Sabre,Club_5
451,81388,Raymond,Brown,1997-11-24,1,Sabre,Club_5
452,35627,Meghan,Hamilton,1997-03-16,0,Sabre,Club_3
453,63848,Shawn,Keller,2004-01-11,1,Epee,Club_3
454,66244,Joy,Olson,2012-02-22,0,Epee,Club_1
455,57235,Julie,Ray,2000-12-13,0,Foil,Club_1
456,26233,Donna,Johnson,1972-02-03,0,Sabre,Club_5
457,4143,Matthew,Bolton,1984-06-02,1,Epee,Club_4
458,40751,Allison,Fox,2005-08-26,0,Epee,Club_3
459,3799,Sarah,Lynn,1986-09-10,0,Epee,Club_2
460,21027,Jeremy,Montgomery,1970-04-14,1,Epee,Club_3
461,3698,Stephanie,Taylor,1973-06-17,0,Epee,Club_4
462,6054,Casey,Cross,1977-06-14,1,Epee,Club_3
463,53824,Henry,Clark,1988-12-18,1,Epee,Club_2
464,23047,Michele,Stevens,2007-09-23,0,Sabre,Club_5
465,47657,Erin,Matthews,1994-03-14,0,Sabre,Club_4
466,95770,Vincent,Mccoy,2004-08-05,1,Sabre,Club_3
467,44565,Brooke,Lane,1991-05-13,0,Sabre,Club_4
468,66646,Denise,Kennedy,1977-07-01,0,Foil,Club_4
469,14701,Richard,Russell,1984-10-02,1,Foil,Club_3
470,48913,Kim,Hall,1969-12-22,0,Epee,Club_1
471,99302,Richard,Rios,1994-03-16,1,Foil,Club_5
472,32122,Jorge,Hernandez,2011-01-07,1,Foil,Club_4
473,99149,Robin,Brandt,2005-08-20,0,Foil,Club_3
474,17730,Brad,Wilson,1976-03-08,1,Sabre,Club_5
475,37842,James,Kelly,1991-06-29,1,Epee,Club_2
476,16037,Katie,David,2013-10-30,0,Epee,Club_1
477,12268,Alexandria,Moore,1981-09-03,0,Sabre,Club_2
478,78260,Rodney,Allen,1981-07-11,1,Epee,Club_3
479,91225,Karen,Rivera,1998-04-25,0,Foil,Club_2
480,54019,Courtney,Davis,1987-08-21,0,Epee,Club_3
481,52716,Patrick,Thomas,1990-05-26,1,Foil,Club_5
482,33037,Tammy,Avila,1972-09-27,0,Epee,Club_4
483,69765,Kenneth,White,1998-02-28,1,Epee,Club_3
484,64605,Justin,Gilmore,1974-11-07,1,Epee,Club_5
485,89261,Steven,Anderson,2005-05-14,1,Sabre,Club_5
486,74642,Douglas,Gallagher,1987-08-01,1,Epee,Club_2
487,57238,Donna,Baker,1990-10-28,0,Foil,Club_2
488,84425,Michelle,Ortega,1995-03-13,0,Foil,Club_3
489,21239,Robert,Pace,1994-08-20,1,Foil,Club_2
490,84686,Justin,Sloan,1986-09-03,1,Sabre,Club_2
491,22222,Brooke,Butler,2009-11-28,0,Sabre,Club_1
492,34325,James,Charles,2008-06-07,1,Foil,Club_2
493,5150,Abigail,Andrade,1979-02-16,0,Epee,Club_3
494,38528,Cory,Downs,1996-08-27,1,Foil,Club_4
495,30079,Anthony,Mcknight,1973-12-15,1,Foil,Club_2
496,77075,Joyce,Gomez,1987-03-13,0,Foil,Club_3
497,59816,Lisa,Lane,2012-02-06,0,Sabre,Club_2
498,58322,Michael,Harris,1973-03-30,1,Epee,Club_2
499,79966,Jason,Mann,1986-10-01,1,Foil,Club_1
500,32306,Brittney,Martinez,1970-06-28,0,Foil,Club_1
501,29843,Jeffrey,Cook,2012-03-23,1,Sabre,Club_2
502,15369,Todd,Green,2007-02-20,1,Epee,Club_3
503,55124,Melody,Rowe,1974-01-06,0,Sabre,Club_5
504,45960,Richard,Mcdonald,1991-04-29,1,Foil,Club_5
505,96618,Todd,Garrison,1982-06-22,1,Epee,Club_2
506,98414,Tyler,Glover,1972-03-19,1,Sabre,Club_3
507,61700,Brian,Hayes,1992-09-24,1,Sabre,Club_3
508,92633,Richard,Butler,1983-04-25,1,Foil,Club_3
509,65248,Emily,Davis,1966-04-20,0,Foil,Club_3
510,20627,Jessica,Mann,1971-10-11,0,Sabre,Club_1
511,15727,David,Perry,1996-12-15,1,Foil,Club_2
512,35035,Christopher,Tran,1973-02-09,1,Foil,Club_5
513,50003,Matthew,Rivera,1980-03-19,1,Sabre,Club_4
514,74623,Marcus,Johnson,1983-10-14,1,Epee,Club_4
515,17802,Janet,Dennis,1981-09-06,0,Sabre,Club_1
516,28589,Brittany,Taylor,2007-01-18,0,Epee,Club_5
517,64180,Jason,Cooper,1974-03-18,1,Sabre,Club_5
518,50654,Kimberly,Gonzalez,1997-04-21,0,Foil,Club_5
519,44414,Francisco,Buckley,1979-07-26,1,Sabre,Club_3
520,90889,John,Thomas,2001-09-01,1,Sabre,Club_4
521,31384,Troy,Hamilton,2000-02-13,1,Foil,Club_2
522,63185,Stephanie,Wright,1998-03-04,0,Foil,Club_5
523,60737,James,Golden,1994-07-05,1,Sabre,Club_5
524,17379,Matthew,Morse,1970-05-12,1,Sabre,Club_4
525,33986,Jeremy,Barnett,2009-11-07,1,Sabre,Club_2
526,96899,Michael,Ferrell,1987-10-31,1,Sabre,Club_5
527,92829,Ashley,Meyer,1984-05-31,0,Sabre,Club_1
528,14291,Jamie,Hernandez,1990-02-22,0,Epee,Club_3
529,41620,Kimberly,Garcia,1995-11-08,0,Sabre,Club_2
530,43117,Taylor,Lee,1990-07-06,0,Sabre,Club_1
531,27676,Mrs.,Cindy,1971-09-07,0,Foil,Club_1
532,47771,Catherine,Williams,1997-11-26,0,Sabre,Club_3
533,67990,Erika,Kemp,1971-02-05,0,Sabre,Club_5
534,22266,Nathan,Johnson,1997-07-23,1,Sabre,Club_1
535,11706,Nicholas,Davis,1991-07-11,1,Sabre,Club_4
536,50993,Jamie,Meza,1968-06-18,1,Epee,Club_2
537,28988,Trevor,Martinez,2010-04-21,1,Foil,Club_3
538,51359,Brad,Parker,1967-05-18,1,Sabre,Club_1
539,31725,Sean,Tyler,1995-11-28,1,Epee,Club_5
540,47471,Lisa,Long,1998-03-19,0,Sabre,Club_3
541,40450,Richard,Sampson,2009-05-03,1,Epee,Club_1
542,65048,Susan,Ayala,1979-05-04,0,Epee,Club_5
543,28738,Robert,Huynh,2008-03-30,1,Foil,Club_5
544,46766,Courtney,Mendoza,1995-05-04,0,Sabre,Club_3
545,39847,Christopher,Trujillo,1977-09-01,1,Sabre,Club_3
546,75893,Taylor,Cunningham,1990-06-04,0,Epee,Club_2
547,83657,Andrew,Williams,1982-03-14,1,Sabre,Club_3
548,3585,Ethan,Lopez,1998-03-11,1,Foil,Club_3
549,92817,Rebecca,Marshall,2013-02-27,0,Foil,Club_2
550,77484,Gregory,Garcia,1972-06-16,1,Foil,Club_2
551,34081,Lisa,Doyle,2008-02-04,0,Epee,Club_3
552,12979,Rhonda,Soto,1980-05-15,0,Epee,Club_3
553,7631,Whitney,Rhodes,1975-10-30,0,Sabre,Club_3
554,37394,Dylan,Ellis,1997-03-28,1,Epee,Club_3
555,76131,Anthony,Moore,1978-02-17,1,Sabre,Club_3
556,37540,Cynthia,Hansen,1996-06-04,0,Epee,Club_3
557,35154,Shelby,Vincent,1976-01-20,0,Sabre,Club_5
558,63249,Brandy,Collins,1967-05-06,0,Sabre,Club_4
559,72964,Natasha,Downs,1967-09-25,0,Epee,Club_2
560,9977,Bruce,Garcia,2013-08-19,1,Epee,Club_3
561,75646,Amanda,Brown,1977-02-04,0,Epee,Club_4
562,73820,James,Garza,2009-11-05,1,Foil,Club_4
563,93680,Melvin,Grimes,1982-02-15,1,Epee,Club_2
564,52857,Lisa,Rogers,1969-10-27,0,Epee,Club_1
565,57041,Marvin,Parker,2009-06-21,1,Foil,Club_5
566,80810,Angela,Price,2005-09-14,0,Foil,Club_2
567,71356,Brandy,Johnson,1997-12-20,0,Epee,Club_5
568,55222,Amy,Zamora,2008-06-30,0,Foil,Club_4
569,70149,Angela,Kidd,2011-05-12,0,Sabre,Club_2
570,71001,Dean,Taylor,1972-06-21,1,Epee,Club_2
571,8913,Teresa,Snyder,2001-07-01,0,Sabre,Club_2
572,90733,David,Gomez,2005-04-09,1,Sabre,Club_5
573,39185,Carol,Baker,1972-10-19,0,Sabre,Club_3
574,31459,Joshua,Carpenter,1989-01-22,1,Epee,Club_5
575,25329,Douglas,Gonzalez,2007-09-21,1,Foil,Club_4
576,62792,John,Gibbs,2007-08-05,1,Sabre,Club_2
577,75581,Sierra,Cox,1999-10-22,0,Epee,Club_1
578,7990,Claudia,Miles,1994-03-31,0,Foil,Club_2
579,26252,Ernest,Jordan,1979-04-26,1,Sabre,Club_4
580,3822,Jessica,Gonzalez,1989-10-18,0,Epee,Club_3
581,34647,Tiffany,Rivera,2008-12-07,0,Epee,Club_1
582,49453,Jennifer,King,1968-02-01,0,Epee,Club_5
583,40779,John,Avery,1969-10-09,1,Sabre,Club_4
584,10523,Lisa,Hernandez,1994-09-28,0,Sabre,Club_5
585,20310,Logan,Brown,1989-07-12,1,Sabre,Club_3
586,50728,Jose,Allen,1967-09-02,1,Epee,Club_4
587,47981,Ryan,Garza,2005-09-30,1,Foil,Club_2
588,81236,Danielle,Benitez,1979-10-04,0,Epee,Club_5
589,81434,Cynthia,Crawford,1966-04-27,0,Sabre,Club_2
590,37786,Mr.,William,1987-01-03,1,Foil,Club_1
591,82662,James,Frank,1966-02-11,1,Epee,Club_1
592,21336,David,Hunter,1981-11-25,1,Foil,Club_5
593,33440,Megan,Gardner,1989-03-18,0,Sabre,Club_5
594,67620,Sarah,Martinez,1968-09-03,0,Sabre,Club_1
595,32747,Julia,Gentry,1972-03-23,0,Foil,Club_1
596,64829,Michael,Johnson,2008-02-19,1,Sabre,Club_3
597,92088,Elizabeth,Greene,1997-04-07,0,Sabre,Club_1
598,15931,Mary,Acosta,2012-10-17,0,Sabre,Club_5
599,53483,Rhonda,Arnold,1974-03-08,0,Sabre,Club_4
600,81596,Erica,Bennett,1980-02-26,0,Epee,Club_5
601,69493,Ashley,Young,1990-03-11,0,Epee,Club_5
602,2324,Jennifer,Erickson,1987-09-01,0,Foil,Club_5
603,3289,Jonathan,Guerrero,1978-04-10,1,Sabre,Club_2
604,86117,Amber,Garza,2010-12-27,0,Foil,Club_4
605,78534,Jim,Hopkins,2008-08-30,1,Foil,Club_5
606,66687,Andrew,Young,2013-04-02,1,Epee,Club_4
607,546,Jeffrey,Berry,1968-01-23,1,Epee,Club_4
608,41699,Monica,Arias,1977-10-18,0,Sabre,Club_3
609,16825,Gina,Maldonado,2000-08-30,0,Sabre,Club_4
610,53329,Harold,Patterson,1974-03-28,1,Epee,Club_3
611,39545,Jimmy,Wright,1973-05-06,1,Sabre,Club_4
612,77171,Peggy,Hendricks,1986-11-26,0,Foil,Club_1
613,58317,Amber,Sutton,1971-01-16,0,Sabre,Club_2
614,93254,Lori,Smith,1985-08-03,0,Sabre,Club_1
615,25938,Ashley,King,1985-09-05,0,Sabre,Club_1
616,78897,Zachary,Harris,1986-08-17,1,Foil,Club_3
617,63204,Ashley,Jones,1988-03-12,0,Sabre,Club_1
618,92340,Julie,Cunningham,2012-07-24,0,Sabre,Club_1
619,95484,Carl,White,1981-04-06,1,Sabre,Club_2
620,47978,Joshua,Taylor,2004-03-18,1,Foil,Club_2
621,89815,David,Richard,2013-07-22,1,Foil,Club_4
622,84222,Stephen,Walton,1968-04-05,1,Foil,Club_3
623,33416,Robert,Howard,2005-01-25,1,Epee,Club_2
624,86910,Samuel,Villarreal,1982-02-24,1,Foil,Club_1
625,739,Christopher,Rodriguez,1966-12-03,1,Epee,Club_4
626,20177,Brittney,Humphrey,1975-06-29,0,Sabre,Club_2
627,53931,Joshua,Hodge,1972-04-07,1,Epee,Club_3
628,11069,John,White,1982-10-27,1,Sabre,Club_4
629,18106,Jennifer,Miller,1991-02-01,0,Sabre,Club_4
630,54212,Shawna,George,1972-10-31,0,Sabre,Club_3
631,43389,Randy,Wolf,1982-03-27,1,Epee,Club_5
632,15147,Joel,Mann,1974-12-31,1,Epee,Club_3
633,66507,Billy,Morgan,1979-07-01,1,Sabre,Club_5
634,68359,Daniel,Munoz,1996-07-30,1,Sabre,Club_4
635,2609,Briana,David,1979-01-27,0,Sabre,Club_1
636,91794,Jordan,Williams,1988-01-22,1,Epee,Club_2
637,28410,Christian,Lee,1976-11-07,1,Foil,Club_5
638,3312,Gina,Parks,2005-01-15,0,Foil,Club_1
639,37941,Patrick,Solomon,1979-08-10,1,Sabre,Club_3
640,94972,Angel,Mcmahon,1988-03-11,1,Epee,Club_5
641,23303,John,Petersen,1980-04-14,1,Sabre,Club_2
642,57842,John,Green,1999-07-17,1,Sabre,Club_3
643,68495,Christopher,Medina,1989-07-30,1,Epee,Club_4
644,94307,Dawn,Baker,1994-10-24,0,Foil,Club_1
645,98568,Caitlin,Mcguire,1979-09-14,0,Epee,Club_3
646,33280,Charles,French,1994-01-26,1,Foil,Club_3
647,82665,Donna,Tyler,1971-04-02,0,Epee,Club_1
648,33439,Joseph,Davis,2012-04-03,1,Sabre,Club_1
649,99615,Donald,Lutz,1974-01-22,1,Epee,Club_4
650,19197,Richard,Adams,2009-09-15,1,Epee,Club_3
651,18388,Casey,Sims,1988-04-24,1,Sabre,Club_5
652,76510,Rhonda,Stanley,2013-01-17,0,Epee,Club_4
653,98243,Omar,Kennedy,1982-06-22,1,Sabre,Club_5
654,59633,Taylor,Smith,2013-11-23,1,Foil,Club_2
655,97425,Jose,Nunez,1988-06-07,1,Foil,Club_4
656,65911,Lauren,Brown,2001-11-15,0,Epee,Club_2
657,85338,Amanda,Moore,1972-06-09,0,Foil,Club_5
658,26137,David,Miller,1967-07-08,1,Foil,Club_3
659,10885,Tiffany,Alvarado,1996-12-16,0,Sabre,Club_3
660,61737,Lori,Ray,2008-06-12,0,Foil,Club_1
661,64710,Jessica,Roach,1989-05-26,0,Foil,Club_4
662,75497,Walter,Cruz,1980-05-24,1,Foil,Club_4
663,93163,Larry,Roberts,1981-01-08,1,Foil,Club_2
664,76594,Michael,Brown,2004-01-27,1,Sabre,Club_2
665,28801,Brenda,Snyder,2001-08-01,0,Sabre,Club_5
666,37153,Brian,Brock,1996-03-05,1,Foil,Club_4
667,44318,Gina,Phillips,1979-09-10,0,Foil,Club_1
668,29220,Cynthia,Johnson,1988-02-28,0,Sabre,Club_1
669,64008,Vincent,Jackson,1982-09-13,1,Sabre,Club_4
670,4338,Steven,Henderson,1988-09-19,1,Foil,Club_5
671,88086,Melissa,Barnett,1978-02-04,0,Sabre,Club_3
672,80602,Rhonda,Harrison,1987-03-26,0,Sabre,Club_2
673,8981,Jeffrey,Wilson,1976-04-04,1,Foil,Club_3
674,53936,Lisa,Davis,2012-04-21,0,Foil,Club_5
675,52165,Bryan,Olson,1978-06-18,1,Foil,Club_3
676,66138,Jeremy,Young,1974-07-11,1,Sabre,Club_1
677,70737,Susan,Wood,1973-10-01,0,Foil,Club_2
678,87497,Tim,Lindsey,2000-09-28,1,Foil,Club_5
679,89899,Kelly,Stewart,1983-01-18,0,Sabre,Club_5
680,7227,Sue,Medina,1966-05-28,0,Epee,Club_4
681,56855,Tracey,Petersen,1979-08-06,0,Epee,Club_3
682,35776,Jessica,Gray,1966-09-26,0,Foil,Club_5
683,89979,Michael,Rasmussen,1968-07-01,1,Foil,Club_1
684,8143,Mrs.,Amy,2005-10-08,0,Sabre,Club_2
685,78078,Jessica,Turner,2007-05-30,0,Foil,Club_4
686,98270,Eric,Smith,1976-09-03,1,Epee,Club_4
687,84092,Cassandra,Bolton,1968-08-02,0,Epee,Club_3
688,15912,Karina,Howard,1967-07-29,0,Foil,Club_1
689,6236,Emily,Ruiz,1992-10-23,0,Sabre,Club_3
690,19131,Randy,Reed,2000-07-18,1,Epee,Club_4
691,92917,Jessica,Goodman,1992-08-30,0,Epee,Club_2
692,81857,Hannah,Edwards,1977-10-19,0,Epee,Club_5
693,42509,Penny,Jones,1976-08-24,0,Epee,Club_2
694,8702,Candice,Lee,2004-07-13,0,Foil,Club_5
695,6764,Bruce,Morris,1987-01-04,1,Epee,Club_3
696,50069,Sharon,Solomon,1986-03-25,0,Foil,Club_3
697,63249,Kristi,Colon,2002-08-28,0,Epee,Club_1
698,5209,Jacqueline,Green,2007-11-16,0,Sabre,Club_2
699,81896,Eric,Griffin,1987-03-18,1,Foil,Club_3
700,67261,Erika,Mays,2012-09-08,0,Foil,Club_5
701,88587,Elizabeth,Hoffman,1977-07-27,0,Epee,Club_5
702,64158,Frank,Jordan,1977-02-15,1,Epee,Club_5
703,85994,Paul,Knight,1970-06-11,1,Sabre,Club_4
704,58011,Lawrence,Young,1987-09-10,1,Epee,Club_4
705,80167,Jennifer,Haney,1986-07-03,0,Foil,Club_5
706,15902,Dean,Moore,1981-09-05,1,Sabre,Club_1
707,90704,Steven,Solis,2005-03-10,1,Foil,Club_1
708,97231,Jennifer,Garcia,1996-01-01,0,Sabre,Club_2
709,20879,Ashley,Callahan,2005-06-02,0,Sabre,Club_1
710,25148,Adam,Lopez,1971-07-16,1,Sabre,Club_5
711,76653,Grant,Lopez,1996-12-23,1,Sabre,Club_5
712,37386,Mary,Ware,1999-10-27,0,Foil,Club_2
713,55427,Henry,Ramirez,2002-03-26,1,Foil,Club_3
714,15147,Christina,Cochran,2013-01-31,0,Foil,Club_3
715,86795,Catherine,Bradley,2006-09-21,0,Sabre,Club_5
716,94533,James,Cruz,1973-04-16,1,Epee,Club_1
717,51134,Kirsten,Garcia,1979-10-17,0,Sabre,Club_2
718,81934,Jennifer,Thomas,1992-03-13,0,Sabre,Club_3
719,68735,Amanda,Ware,1967-02-23,0,Foil,Club_2
720,69127,Charles,Barnes,1998-10-11,1,Epee,Club_2
721,47041,Jason,Ibarra,1983-06-20,1,Sabre,Club_5
722,2455,Cynthia,Castro,1983-07-17,0,Sabre,Club_3
723,55852,Emily,Huynh,1999-10-08,0,Sabre,Club_2
724,77690,Craig,Miller,1994-06-05,1,Sabre,Club_2
725,16225,Mr.,Kevin,1984-03-24,1,Epee,Club_3
726,33498,Mary,Dixon,1979-12-22,0,Epee,Club_4
727,29452,Kathryn,Charles,1980-02-23,0,Sabre,Club_2
728,26426,Jocelyn,Vasquez,1991-07-16,0,Epee,Club_5
729,28043,Vickie,Brown,1968-06-23,0,Foil,Club_4
730,10444,Anthony,Rollins,1995-04-06,1,Sabre,Club_2
731,42200,Kyle,Sherman,2004-06-13,1,Foil,Club_3
732,15146,William,Mack,1967-05-18,1,Epee,Club_5
733,52946,Caitlin,Young,1977-03-28,0,Foil,Club_4
734,59610,Sara,Hicks,1984-01-03,0,Epee,Club_5
735,15466,Shannon,Turner,2003-08-17,0,Sabre,Club_2
736,2948,Kaitlin,Wright,2004-07-07,0,Foil,Club_4
737,83249,James,Graham,1977-06-12,1,Epee,Club_5
738,37245,Rachel,Terry,1974-02-06,0,Epee,Club_4
739,69372,James,Russell,2008-01-30,1,Foil,Club_3
740,35398,David,Valdez,1979-10-20,1,Sabre,Club_2
741,68900,Tyler,Whitaker,2002-12-13,1,Sabre,Club_5
742,75690,Sabrina,Williams,1988-05-03,0,Epee,Club_5
743,29489,Edward,Cox,1995-10-20,1,Epee,Club_3
744,90666,Fred,Martin,2005-05-23,1,Foil,Club_4
745,57541,Christina,Gonzalez,1989-09-20,0,Foil,Club_2
746,6915,Ashley,Rogers,1978-12-25,0,Sabre,Club_5
747,29123,Kim,Hansen,2007-06-17,0,Foil,Club_2
748,4650,Riley,Bush,1982-07-09,1,Epee,Club_4
749,47279,Elizabeth,Miller,2007-04-20,0,Foil,Club_4
750,53113,Jeremy,Castillo,1976-06-13,1,Sabre,Club_4
751,70815,Kenneth,Harrell,1979-03-20,1,Epee,Club_5
752,68221,John,Rodriguez,1979-10-28,1,Sabre,Club_1
753,73413,Christopher,Gonzalez,1993-01-30,1,Foil,Club_5
754,52366,Lisa,Wiley,1978-09-05,0,Epee,Club_1
755,39858,Sara,Marshall,1973-10-04,0,Foil,Club_2
756,79912,Alison,Young,1982-12-18,0,Foil,Club_3
757,41680,Cody,Mccall,1967-05-12,1,Foil,Club_5
758,35579,Russell,Owens,1989-12-03,1,Sabre,Club_5
759,54889,Mr.,Cody,2003-01-16,1,Epee,Club_5
760,44624,Peter,Johnson,2009-11-18,1,Epee,Club_2
761,89559,Angela,Sullivan,2011-12-18,0,Epee,Club_4
762,19475,Susan,Parker,1972-12-11,0,Epee,Club_5
763,11644,Kenneth,Bailey,2006-07-15,1,Foil,Club_3
764,88181,Dr.,Kimberly,1990-12-21,0,Foil,Club_3
765,39647,Sydney,King,2004-01-29,0,Epee,Club_3
766,20797,Cindy,Flores,1997-10-01,0,Foil,Club_1
767,39276,Rhonda,Brady,1976-03-27,0,Epee,Club_3
768,89814,Kevin,Baker,2007-02-12,1,Foil,Club_1
769,8347,Sarah,Coleman,1988-09-09,0,Sabre,Club_2
770,41631,Anthony,Bailey,1993-09-03,1,Foil,Club_3
771,37135,Michael,Holmes,1987-05-15,1,Epee,Club_2
772,38663,Amanda,Rivera,1980-03-22,0,Epee,Club_4
773,86681,Christopher,Mejia,1968-07-10,1,Foil,Club_5
774,44353,Lindsey,Butler,1985-09-07,0,Sabre,Club_2
775,54253,Sabrina,Gilmore,1968-05-03,0,Sabre,Club_4
776,90608,Brandon,Torres,1968-04-24,1,Epee,Club_3
777,39332,Laura,Griffin,1981-08-19,0,Sabre,Club_4
778,59007,Kelsey,Mathis,2011-03-05,0,Sabre,Club_2
779,93714,Tiffany,Flynn,1979-12-04,0,Epee,Club_3
780,439,Amanda,Cabrera,1970-12-17,0,Foil,Club_5
781,57104,Randy,Solis,2008-04-21,1,Sabre,Club_3
782,41704,Mark,Spencer,1981-11-12,1,Sabre,Club_3
783,23912,David,Smith,1997-10-21,1,Epee,Club_4
784,888,Brent,Smith,1970-07-16,1,Sabre,Club_1
785,49363,Sabrina,Rowe,1991-08-17,0,Sabre,Club_5
786,91335,Wanda,Ochoa,1967-04-06,0,Foil,Club_2
787,63704,Andrew,Blankenship,2010-05-17,1,Epee,Club_4
788,71889,Richard,Barton,1994-10-12,1,Epee,Club_1
789,26496,Jennifer,Townsend,1998-07-20,0,Foil,Club_1
790,29415,Sean,Anderson,1997-01-29,1,Sabre,Club_3
791,60193,Elizabeth,Silva,2010-03-11,0,Epee,Club_5
792,98892,Karen,Jones,2005-01-13,0,Sabre,Club_1
793,21410,Brandon,Perkins,1989-10-04,1,Foil,Club_5
794,78551,Lance,Lewis,2005-03-08,1,Foil,Club_1
795,45086,Rodney,Martinez,1990-03-23,1,Epee,Club_2
796,10560,John,Phelps,1991-12-03,1,Foil,Club_3
797,62991,Donna,Smith,2009-12-23,0,Sabre,Club_2
798,54905,Caleb,Crane,2004-05-29,1,Foil,Club_1
799,75760,Michael,Morgan,1972-10-11,1,Foil,Club_4
800,73897,Patrick,Thompson,1991-08-27,1,Sabre,Club_1
801,28727,Tami,Jordan,1987-06-09,0,Epee,Club_5
802,69876,Lisa,Smith,1991-10-07,0,Sabre,Club_5
803,44300,Jack,Wyatt,2006-09-28,1,Sabre,Club_2
804,57916,Lisa,Guzman,2003-03-20,0,Sabre,Club_2
805,17589,David,Rodriguez,1976-06-07,1,Sabre,Club_2
806,9060,Erika,Perez,2006-05-12,0,Epee,Club_1
807,8070,Kayla,Kelly,2003-10-24,0,Sabre,Club_5
808,83484,Guy,Martin,1978-10-13,1,Sabre,Club_5
809,57783,Lindsay,Francis,2008-11-08,0,Foil,Club_4
810,47973,Jennifer,Pace,2007-01-28,0,Foil,Club_2
811,87434,Ian,Brandt,1999-08-28,1,Sabre,Club_4
812,73679,Calvin,Willis,2005-01-25,1,Epee,Club_2
813,88949,Mark,Parker,1985-11-12,1,Foil,Club_3
814,12069,Jennifer,Davis,1986-09-01,0,Epee,Club_2
815,34996,Joseph,Mccall,2006-11-29,1,Foil,Club_2
816,57941,Todd,Fitzpatrick,1997-09-12,1,Epee,Club_1
817,30815,Elizabeth,Hernandez,2009-04-13,0,Foil,Club_3
818,82275,Rachel,Guerrero,1995-06-07,0,Foil,Club_5
819,47925,Melissa,Williams,1998-06-05,0,Epee,Club_4
820,19699,Jasmine,Cooper,2008-04-29,0,Foil,Club_4
821,85494,Timothy,Gardner,1999-02-12,1,Foil,Club_4
822,81962,Patricia,Cook,1985-08-06,0,Foil,Club_5
823,44704,Catherine,Cunningham,2008-02-23,0,Foil,Club_1
824,37783,Angela,Vargas,2008-07-03,0,Sabre,Club_4
825,48205,Larry,Martinez,2004-05-24,1,Foil,Club_1
826,77833,Christian,Anderson,2013-07-01,1,Sabre,Club_5
827,1717,Carla,Ruiz,1998-08-12,0,Foil,Club_3
828,34494,Rachael,Merritt,1998-03-28,0,Epee,Club_4
829,9859,Mr.,Lawrence,1995-03-30,1,Sabre,Club_4
830,31045,Angela,Long,1986-07-11,0,Sabre,Club_4
831,52679,Gregory,Lin,1992-12-12,1,Sabre,Club_5
832,46935,Peter,Rogers,1980-05-17,1,Sabre,Club_1
833,62608,Kimberly,Allen,1996-08-28,0,Epee,Club_5
834,94648,Kimberly,Miller,2000-12-04,0,Sabre,Club_1
835,76929,Christopher,Johnson,2006-10-13,1,Foil,Club_1
836,25855,Richard,Hernandez,1979-09-27,1,Foil,Club_4
837,95950,Mackenzie,Perez,1969-12-26,0,Sabre,Club_2
838,17704,Adrian,Davis,1970-10-20,1,Sabre,Club_5
839,18370,Christopher,Sullivan,1983-12-23,1,Foil,Club_2
840,22728,Anthony,Simmons,2007-01-04,1,Foil,Club_5
841,91963,James,Hensley,1990-10-02,1,Foil,Club_4
842,68659,Danielle,Daniels,1975-09-14,0,Foil,Club_5
843,87901,Bradley,Sanchez,1978-11-22,1,Sabre,Club_4
844,26317,Anthony,Rivera,2008-04-15,1,Sabre,Club_3
845,79131,Heather,Johnson,1987-02-20,0,Sabre,Club_2
846,5208,Andrew,Duarte,1977-07-09,1,Foil,Club_2
847,91989,Angela,Delacruz,2007-02-11,0,Foil,Club_2
848,70354,Joshua,Salinas,1980-06-10,1,Foil,Club_4
849,32921,Robert,Moore,2002-09-15,1,Foil,Club_2
850,91662,Heather,Ford,2011-03-11,0,Sabre,Club_2
851,80296,Mr.,Ruben,2013-10-01,1,Foil,Club_1
852,4071,Brian,Morris,2003-02-05,1,Epee,Club_3
853,41113,Mr.,Todd,1972-05-03,1,Epee,Club_4
854,24591,Hunter,Schultz,2001-12-22,1,Sabre,Club_5
855,68558,Carrie,Black,1989-10-28,0,Epee,Club_2
856,2805,Lawrence,White,1971-09-13,1,Foil,Club_3
857,47682,Joseph,Nguyen,1996-08-21,1,Epee,Club_5
858,19623,Brenda,Gonzalez,1998-01-06,0,Sabre,Club_1
859,465,Melissa,Gallagher,1999-07-22,0,Epee,Club_5
860,33609,John,Young,1996-01-16,1,Epee,Club_3
861,52198,Zachary,Keith,2013-06-02,1,Sabre,Club_5
862,8905,Sean,Baker,1981-05-18,1,Foil,Club_2
863,46265,Kathleen,Jordan,1996-09-18,0,Sabre,Club_5
864,52241,Oscar,Campbell,1969-12-05,1,Epee,Club_5
865,58226,Robert,Bender,1983-04-03,1,Sabre,Club_5
866,40888,Joshua,Hawkins,2003-08-25,1,Epee,Club_2
867,6092,Lisa,Johnson,1993-07-03,0,Epee,Club_5
868,53001,Caitlin,Mejia,1998-07-11,0,Foil,Club_1
869,11025,Douglas,Hudson,1981-03-09,1,Foil,Club_2
870,79005,Anthony,Underwood,1968-08-09,1,Foil,Club_5
871,628,Brian,Guzman,2003-01-07,1,Epee,Club_5
872,75183,Jeffrey,Mccall,1977-11-29,1,Epee,Club_5
873,73986,Cheryl,Hall,1968-01-08,0,Epee,Club_1
874,59714,Caroline,Weber,1994-10-27,0,Epee,Club_5
875,55632,Matthew,Webb,1985-04-16,1,Epee,Club_3
876,67643,Richard,Martin,1974-02-13,1,Sabre,Club_4
877,11102,Summer,Myers,2002-04-27,0,Foil,Club_5
878,88429,Kurt,Rodriguez,2006-10-01,1,Epee,Club_2
879,1567,Patrick,Gonzalez,1977-07-05,1,Epee,Club_4
880,87429,Jessica,Scott,1996-03-31,0,Foil,Club_4
881,32057,Joshua,Crawford,1978-11-10,1,Sabre,Club_5
882,11683,Alyssa,Hall,1969-06-01,0,Epee,Club_4
883,2886,Joshua,Williamson,1976-02-06,1,Sabre,Club_5
884,14564,Amanda,Vargas,1989-02-25,0,Sabre,Club_5
885,25546,Samantha,Anthony,1982-10-04,0,Foil,Club_4
886,64045,Brian,Gonzalez,2007-12-17,1,Epee,Club_3
887,19749,Frances,Allen,2010-07-23,0,Sabre,Club_5
888,60860,Gabriel,White,1997-11-22,1,Epee,Club_2
889,54981,Thomas,Joyce,1995-06-11,1,Foil,Club_3
890,85434,James,Lewis,2008-02-08,1,Foil,Club_2
891,46358,William,Prince,2004-02-01,1,Foil,Club_1
892,89624,Jasmine,Calderon,2003-10-08,0,Epee,Club_2
893,16473,Michael,Long,1986-07-31,1,Epee,Club_4
894,41364,James,Calhoun,2003-07-02,1,Foil,Club_2
895,50398,Stephen,Hart,1981-05-18,1,Sabre,Club_2
896,40297,Christopher,Smith,2009-05-18,1,Foil,Club_2
897,51760,Matthew,Delgado,1972-12-14,1,Epee,Club_4
898,12707,Adriana,Barber,1970-01-25,0,Foil,Club_1
899,64907,Megan,Johnson,1991-07-21,0,Foil,Club_5
900,76605,Kathleen,Kelly,1985-12-17,0,Foil,Club_2
901,71248,Thomas,Harris,1978-07-03,1,Epee,Club_3
902,58391,Brittany,Duran,1984-11-03,0,Epee,Club_3
903,74505,Sara,Burton,1966-02-28,0,Epee,Club_3
904,43007,Larry,Carpenter,1998-12-30,1,Foil,Club_1
905,35844,Mr.,Eric,1994-11-13,1,Epee,Club_1
906,60541,Richard,Goodwin,2013-03-22,1,Epee,Club_1
907,57184,Jocelyn,Berry,2000-06-14,0,Epee,Club_5
908,95382,Tyler,Guerrero,2001-10-17,1,Foil,Club_3
909,76387,Mary,Baker,1973-11-16,0,Sabre,Club_1
910,70445,Lisa,Matthews,1994-01-15,0,Epee,Club_5
911,26309,Kevin,Lee,1973-05-30,1,Epee,Club_1
912,61991,Nicholas,Cuevas,1980-08-06,1,Sabre,Club_1
913,15264,Jamie,Hurley,1979-06-07,1,Sabre,Club_2
914,30246,Samantha,Adams,1975-09-15,0,Foil,Club_2
915,98469,Brooke,Vargas,1966-12-07,0,Foil,Club_1
916,77959,Courtney,Curtis,2002-01-02,0,Sabre,Club_2
917,93943,James,Smith,1990-12-03,1,Foil,Club_3
918,87107,Peter,Barry,1967-03-14,1,Foil,Club_2
919,58008,Jason,Taylor,1995-01-10,1,Sabre,Club_1
920,19152,Michelle,Hernandez,1998-12-31,0,Sabre,Club_5
921,72711,Connie,Bowman,1978-03-11,0,Sabre,Club_1
922,84348,Christine,Taylor,2010-06-17,0,Foil,Club_4
923,22783,Michael,Duncan,2005-05-05,1,Sabre,Club_5
924,62629,Austin,Franco,1997-12-17,1,Sabre,Club_2
925,94377,Angela,Kelly,1975-12-02,0,Foil,Club_4
926,29150,Kevin,Davies,2011-06-17,1,Sabre,Club_3
927,38375,Kathryn,Parks,1969-01-11,0,Epee,Club_5
928,84556,Daniel,Shannon,1973-03-18,1,Foil,Club_5
929,5999,Lisa,Fry,1979-07-24,0,Foil,Club_3
930,65170,Kayla,Fry,1972-04-15,0,Sabre,Club_4
931,67886,Casey,Thompson,1979-12-06,0,Sabre,Club_5
932,75348,Cristina,Gonzalez,2003-05-31,0,Foil,Club_3
933,57165,Tanya,Cervantes,1983-12-14,0,Sabre,Club_4
934,65199,Christopher,Ward,1980-01-13,1,Foil,Club_2
935,20400,Ashley,Williams,1993-06-03,0,Sabre,Club_2
936,63598,Diana,Morgan,1967-07-06,0,Foil,Club_2
937,32557,Patrick,Rowe,1996-03-16,1,Epee,Club_2
938,20200,Alexandra,Castro,1987-12-04,0,Foil,Club_4
939,56057,Robert,Gonzalez,2001-03-17,1,Epee,Club_1
940,29997,Taylor,Trujillo,2005-03-14,0,Epee,Club_5
941,95429,Jeremy,Barker,2011-09-28,1,Foil,Club_1
942,5435,Amanda,Moore,1990-05-06,0,Epee,Club_1
943,12736,Kevin,Chaney,1967-10-03,1,Foil,Club_4
944,99650,Dorothy,Little,1994-02-27,0,Epee,Club_4
945,28986,Joseph,Everett,1987-07-01,1,Foil,Club_1
946,14908,Joseph,Smith,1969-09-04,1,Epee,Club_2
947,1324,Andrew,Ali,1971-01-06,1,Sabre,Club_5
948,48103,Tom,Foster,2002-08-25,1,Foil,Club_3
949,11936,Thomas,Suarez,1967-10-26,1,Foil,Club_4
950,81402,Elizabeth,Hughes,2008-02-13,0,Epee,Club_3
951,32203,Christina,Roach,2001-12-18,0,Foil,Club_3
952,71141,Rachel,Robles,1984-04-07,0,Foil,Club_4
953,63091,Christopher,Joseph,2002-01-22,1,Sabre,Club_2
954,44155,Kenneth,Saunders,1980-06-10,1,Sabre,Club_3
955,29849,Karina,Wilson,1972-02-11,0,Foil,Club_3
956,5776,Michael,Donovan,1983-05-28,1,Sabre,Club_3
957,75491,Mr.,Peter,2003-01-12,1,Epee,Club_4
958,77843,Christopher,Walsh,1975-01-25,1,Sabre,Club_4
959,94025,Christopher,Lloyd,1985-06-17,1,Epee,Club_3
960,82810,Michael,Anderson,1996-09-13,1,Foil,Club_2
961,81943,Tracy,Sanchez,1965-12-30,0,Sabre,Club_2
962,18820,Ashley,Farrell,1978-09-11,0,Foil,Club_3
963,86809,Helen,Li,1973-02-16,0,Epee,Club_5
964,54291,Patrick,Harris,1987-01-19,1,Sabre,Club_3
965,26029,David,Benton,1975-03-28,1,Foil,Club_4
966,70564,Amy,Collins,1969-02-07,0,Sabre,Club_2
967,48317,Ashley,Jones,1998-12-17,0,Sabre,Club_4
968,54061,Pamela,Nolan,2000-08-09,0,Sabre,Club_2
969,62360,Nathaniel,Gibson,2010-09-19,1,Epee,Club_1
970,95648,Troy,Swanson,1974-07-27,1,Epee,Club_1
971,88109,Alan,Scott,1970-11-17,1,Foil,Club_3
972,39484,Victor,Byrd,2004-10-30,1,Foil,Club_1
973,39575,Christine,Jenkins,1974-11-15,0,Sabre,Club_5
974,95505,Kelly,Charles,1991-07-23,0,Sabre,Club_2
975,97467,Martin,Bruce,2008-10-22,1,Epee,Club_1
976,58176,Sara,Gaines,1992-08-18,0,Foil,Club_3
977,49467,John,Barrett,1998-03-07,1,Foil,Club_5
978,22833,Lawrence,Reed,2000-05-28,1,Foil,Club_2
979,26326,Jose,Mcgee,1996-05-05,1,Foil,Club_3
980,45754,Emily,Adams,1998-01-28,0,Foil,Club_3
981,14250,Samuel,Poole,2003-04-26,1,Sabre,Club_3
982,31624,Tracy,Brooks,1971-08-04,0,Epee,Club_1
983,29683,Robert,Anderson,1970-11-04,1,Sabre,Club_3
984,68332,Erica,Wells,1999-04-19,0,Sabre,Club_5
985,7278,Nicholas,Burke,1985-11-14,1,Sabre,Club_3
986,21913,Rachael,Barrera,1992-03-24,0,Epee,Club_4
987,18097,Eric,Alvarez,1973-10-02,1,Epee,Club_5
988,79073,Jaclyn,Johnston,1971-01-02,0,Sabre,Club_5
989,44500,Steven,Nixon,1987-09-09,1,Epee,Club_5
990,2019,Michelle,Spencer,1984-01-09,0,Foil,Club_3
991,91540,Jacqueline,Greene,1977-03-06,0,Foil,Club_2
992,51531,Steven,Simmons,1975-03-08,1,Foil,Club_3
993,79961,Olivia,Chang,2007-04-26,0,Foil,Club_4
994,42433,Cynthia,Herrera,1991-10-24,0,Epee,Club_4
995,17591,Shelby,Ward,1973-09-02,0,Foil,Club_4
996,74158,Kyle,Simon,1998-06-07,1,Epee,Club_4
997,13917,Matthew,Benjamin,1992-01-16,1,Sabre,Club_3
998,66834,John,Chan,2006-06-13,1,Foil,Club_2
999,8640,Danielle,Williams,1973-03-22,0,Foil,Club_4
